Workbook
Name \a: #N/A
Name \b: #N/A
Name \c: #N/A
Name \d: #N/A
Name \e: #N/A
Name \f: #N/A
Name \g: #N/A
Name \h: #N/A
Name \i: #N/A
Name \j: #N/A
Name \m: #N/A
Name \p: #N/A
Name \q: #N/A
Name \r: #N/A
Name \s: #N/A
Name \t: #N/A
Name \u: #N/A
Name \v: #N/A
Name \w: #N/A
Name \x: #N/A
Name \z: #N/A
Name ____FOL2: #REF!
Name ____tab1: #REF!
Name ___cab1: #REF!
Name ___cab2: #REF!
Name ___FOL3: #N/A
Name ___FOL4: #N/A
Name ___LUP1: #N/A
Name ___LUP2: #N/A
Name ___ORC98: #REF!
Name ___pla1: #REF!
Name ___R: #N/A
Name ___TOT1: #REF!
Name ___TOT2: #REF!
Name ___TOT3: #REF!
Name ___TOT4: #REF!
Name ___TOT5: #REF!
Name ___TOT6: #REF!
Name ___TOT7: #REF!
Name ___VV9: #REF!
Name __cab1: #REF!
Name __cab2: #REF!
Name __FOL2: #REF!
Name __FOL3: #N/A
Name __FOL4: #N/A
Name __LUP1: #N/A
Name __LUP2: #N/A
Name __ORC98: #REF!
Name __pla1: #REF!
Name __R: #N/A
Name __tab1: #REF!
Name __TOT1: #REF!
Name __TOT2: #REF!
Name __TOT3: #REF!
Name __TOT4: #REF!
Name __TOT5: #REF!
Name __TOT6: #REF!
Name __TOT7: #REF!
Name __VV9: #REF!
Name _164: #N/A

Sheet ENTRADA
C1: =IF(ISBLANK(#REF!),"",IFERROR(VLOOKUP(#REF!,ESTOQUE!$B$2:$M$997973,2,FALSE),"Produto não cadastrado")) -> Produto não cadastrado
A2: Data | B2: Cod | C2: GRUPO | D2: Descrição | E2: UN. | F2: Quant | G2: Valor unit | H2: CUSTO | I2: Fornecedor | J2: Nº N.F | K2: Observação
A3: 45678 | B3: 122 | C3: =IF(ISBLANK($B3),"",IFERROR(VLOOKUP($B3,ESTOQUE!$B$2:$D$97168,2,FALSE),"Produto não cadastrado")) -> CONSUMO | D3: =IF(ISBLANK($B3),"",IFERROR(VLOOKUP($B3,ESTOQUE!$B$2:$M$997973,3,FALSE),"Produto não cadastrado")) -> SUPORTE PROTETOR FACIAL | E3: =_xlfn.XLOOKUP(B3,ESTOQUE!B:B,ESTOQUE!G:G) -> UND | F3: 1 | H3: =F3*G3 -> 0
A4: 45929 | B4: 2 | C4: =IF(ISBLANK($B4),"",IFERROR(VLOOKUP($B4,ESTOQUE!$B$2:$D$97168,2,FALSE),"Produto não cadastrado")) -> CONSUMO | D4: =IF(ISBLANK($B4),"",IFERROR(VLOOKUP($B4,ESTOQUE!$B$2:$M$997973,3,FALSE),"Produto não cadastrado")) -> AVENTAL DE RASPA TAM 1X60MT | E4: =_xlfn.XLOOKUP(B4,ESTOQUE!B:B,ESTOQUE!G:G) -> UND | F4: 20 | G4: 49 | H4: =F4*G4 -> 980 | K4: Ajuste de estoque conforme inventário
A5: 45929 | B5: 228 | C5: =IF(ISBLANK($B5),"",IFERROR(VLOOKUP($B5,ESTOQUE!$B$2:$D$97168,2,FALSE),"Produto não cadastrado")) -> CONSUMO | D5: =IF(ISBLANK($B5),"",IFERROR(VLOOKUP($B5,ESTOQUE!$B$2:$M$997973,3,FALSE),"Produto não cadastrado")) -> BALACLAVA | E5: =_xlfn.XLOOKUP(B5,ESTOQUE!B:B,ESTOQUE!G:G) -> UND | F5: 250 | G5: 18.9 | H5: =F5*G5 -> 4725 | K5: Ajuste de estoque conforme inventário
A6: 45929 | B6: 4 | C6: =IF(ISBLANK($B6),"",IFERROR(VLOOKUP($B6,ESTOQUE!$B$2:$D$97168,2,FALSE),"Produto não cadastrado")) -> CONSUMO | D6: =IF(ISBLANK($B6),"",IFERROR(VLOOKUP($B6,ESTOQUE!$B$2:$M$997973,3,FALSE),"Produto não cadastrado")) -> BLUSÃO DE RASPA MANGA LONGA | E6: =_xlfn.XLOOKUP(B6,ESTOQUE!B:B,ESTOQUE!G:G) -> UND | F6: 1 | G6: 91.82 | H6: =F6*G6 -> 91.82 | K6: Ajuste de estoque conforme inventário
A7: 45929 | B7: 16 | C7: =IF(ISBLANK($B7),"",IFERROR(VLOOKUP($B7,ESTOQUE!$B$2:$D$97168,2,FALSE),"Produto não cadastrado")) -> CONSUMO | D7: =IF(ISBLANK($B7),"",IFERROR(VLOOKUP($B7,ESTOQUE!$B$2:$M$997973,3,FALSE),"Produto não cadastrado")) -> BOTA PVC CANO MEDIO Nº 37 | E7: =_xlfn.XLOOKUP(B7,ESTOQUE!B:B,ESTOQUE!G:G) -> PAR | F7: 5 | G7: 34.9 | H7: =F7*G7 -> 174.5 | K7: Ajuste de estoque conforme inventário
A8: 45929 | B8: 17 | C8: =IF(ISBLANK($B8),"",IFERROR(VLOOKUP($B8,ESTOQUE!$B$2:$D$97168,2,FALSE),"Produto não cadastrado")) -> CONSUMO | D8: =IF(ISBLANK($B8),"",IFERROR(VLOOKUP($B8,ESTOQUE!$B$2:$M$997973,3,FALSE),"Produto não cadastrado")) -> BOTA PVC CANO MEDIO Nº 38 | E8: =_xlfn.XLOOKUP(B8,ESTOQUE!B:B,ESTOQUE!G:G) -> PAR | F8: 2 | G8: 34.9 | H8: =F8*G8 -> 69.8 | K8: Ajuste de estoque conforme inventário
A9: 45929 | B9: 7 | C9: =IF(ISBLANK($B9),"",IFERROR(VLOOKUP($B9,ESTOQUE!$B$2:$D$97168,2,FALSE),"Produto não cadastrado")) -> CONSUMO | D9: =IF(ISBLANK($B9),"",IFERROR(VLOOKUP($B9,ESTOQUE!$B$2:$M$997973,3,FALSE),"Produto não cadastrado")) -> BOTA PVC CANO LONGO Nº 39 | E9: =_xlfn.XLOOKUP(B9,ESTOQUE!B:B,ESTOQUE!G:G) -> PAR | F9: 4 | G9: 56.3 | H9: =F9*G9 -> 225.2 | K9: Ajuste de estoque conforme inventário
A10: 45929 | B10: 10 | C10: =IF(ISBLANK($B10),"",IFERROR(VLOOKUP($B10,ESTOQUE!$B$2:$D$97168,2,FALSE),"Produto não cadastrado")) -> CONSUMO | D10: BOTA PVC CANO LONGO Nº 42 | E10: =_xlfn.XLOOKUP(B10,ESTOQUE!B:B,ESTOQUE!G:G) -> PAR | F10: 8 | G10: 56.3 | H10: =F10*G10 -> 450.4 | K10: Ajuste de estoque conforme inventário
A11: 45929 | B11: 11 | C11: =IF(ISBLANK($B11),"",IFERROR(VLOOKUP($B11,ESTOQUE!$B$2:$D$97168,2,FALSE),"Produto não cadastrado")) -> CONSUMO | D11: =D18 -> BOTINA OP. BICO PVC Nº 38 | E11: =_xlfn.XLOOKUP(B11,ESTOQUE!B:B,ESTOQUE!G:G) -> PAR | F11: 12 | G11: 56.3 | H11: =F11*G11 -> 675.6 | K11: Ajuste de estoque conforme inventário
A12: 45929 | B12: 12 | C12: =IF(ISBLANK($B12),"",IFERROR(VLOOKUP($B12,ESTOQUE!$B$2:$D$97168,2,FALSE),"Produto não cadastrado")) -> CONSUMO | D12: =IF(ISBLANK($B12),"",IFERROR(VLOOKUP($B12,ESTOQUE!$B$2:$M$997973,3,FALSE),"Produto não cadastrado")) -> BOTA PVC CANO LONGO Nº 44 | E12: =_xlfn.XLOOKUP(B12,ESTOQUE!B:B,ESTOQUE!G:G) -> PAR | F12: 1 | G12: 56.3 | H12: =F12*G12 -> 56.3 | K12: Ajuste de estoque conforme inventário
A13: 45929 | B13: 13 | C13: =IF(ISBLANK($B13),"",IFERROR(VLOOKUP($B13,ESTOQUE!$B$2:$D$97168,2,FALSE),"Produto não cadastrado")) -> CONSUMO | D13: =IF(ISBLANK($B13),"",IFERROR(VLOOKUP($B13,ESTOQUE!$B$2:$M$997973,3,FALSE),"Produto não cadastrado")) -> BOTA PVC CANO LONGO Nº 45 | E13: =_xlfn.XLOOKUP(B13,ESTOQUE!B:B,ESTOQUE!G:G) -> PAR | F13: 10 | G13: 56.3 | H13: =F13*G13 -> 563 | K13: Ajuste de estoque conforme inventário
A14: 45929 | B14: 14 | C14: =IF(ISBLANK($B14),"",IFERROR(VLOOKUP($B14,ESTOQUE!$B$2:$D$97168,2,FALSE),"Produto não cadastrado")) -> CONSUMO | D14: =IF(ISBLANK($B14),"",IFERROR(VLOOKUP($B14,ESTOQUE!$B$2:$M$997973,3,FALSE),"Produto não cadastrado")) -> BOTA PVC CANO LONGO Nº 46 | E14: =_xlfn.XLOOKUP(B14,ESTOQUE!B:B,ESTOQUE!G:G) -> PAR | F14: 1 | G14: 56.3 | H14: =F14*G14 -> 56.3 | K14: Ajuste de estoque conforme inventário
A15: 45929 | B15: 19 | C15: =IF(ISBLANK($B15),"",IFERROR(VLOOKUP($B15,ESTOQUE!$B$2:$D$97168,2,FALSE),"Produto não cadastrado")) -> CONSUMO | D15: =IF(ISBLANK($B15),"",IFERROR(VLOOKUP($B15,ESTOQUE!$B$2:$M$997973,3,FALSE),"Produto não cadastrado")) -> BOTA PVC CANO MEDIO Nº 40 | E15: =_xlfn.XLOOKUP(B15,ESTOQUE!B:B,ESTOQUE!G:G) -> PAR | F15: 6 | G15: 34.9 | H15: =F15*G15 -> 209.4 | K15: Ajuste de estoque conforme inventário
A16: 45929 | B16: 20 | C16: =IF(ISBLANK($B16),"",IFERROR(VLOOKUP($B16,ESTOQUE!$B$2:$D$97168,2,FALSE),"Produto não cadastrado")) -> CONSUMO | D16: =IF(ISBLANK($B16),"",IFERROR(VLOOKUP($B16,ESTOQUE!$B$2:$M$997973,3,FALSE),"Produto não cadastrado")) -> BOTA PVC CANO MEDIO Nº 41 | E16: =_xlfn.XLOOKUP(B16,ESTOQUE!B:B,ESTOQUE!G:G) -> PAR | F16: 14 | G16: 34.9 | H16: =F16*G16 -> 488.6 | K16: Ajuste de estoque conforme inventário
A17: 45929 | B17: 34 | C17: =IF(ISBLANK($B17),"",IFERROR(VLOOKUP($B17,ESTOQUE!$B$2:$D$97168,2,FALSE),"Produto não cadastrado")) -> CONSUMO | D17: =IF(ISBLANK($B17),"",IFERROR(VLOOKUP($B17,ESTOQUE!$B$2:$M$997973,3,FALSE),"Produto não cadastrado")) -> BOTINA OP. BICO PVC Nº 36 | E17: =_xlfn.XLOOKUP(B17,ESTOQUE!B:B,ESTOQUE!G:G) -> PAR | F17: 5 | G17: 62.7 | H17: =F17*G17 -> 313.5 | K17: Ajuste de estoque conforme inventário
A18: 45929 | B18: 36 | C18: =IF(ISBLANK($B18),"",IFERROR(VLOOKUP($B18,ESTOQUE!$B$2:$D$97168,2,FALSE),"Produto não cadastrado")) -> CONSUMO | D18: =IF(ISBLANK($B18),"",IFERROR(VLOOKUP($B18,ESTOQUE!$B$2:$M$997973,3,FALSE),"Produto não cadastrado")) -> BOTINA OP. BICO PVC Nº 38 | E18: =_xlfn.XLOOKUP(B18,ESTOQUE!B:B,ESTOQUE!G:G) -> PAR | F18: 10 | G18: 62.7 | H18: =F18*G18 -> 627 | K18: Ajuste de estoque conforme inventário
A19: 45929 | B19: 37 | C19: =IF(ISBLANK($B19),"",IFERROR(VLOOKUP($B19,ESTOQUE!$B$2:$D$97168,2,FALSE),"Produto não cadastrado")) -> CONSUMO | D19: =IF(ISBLANK($B19),"",IFERROR(VLOOKUP($B19,ESTOQUE!$B$2:$M$997973,3,FALSE),"Produto não cadastrado")) -> BOTINA OP. BICO PVC Nº 39 | E19: =_xlfn.XLOOKUP(B19,ESTOQUE!B:B,ESTOQUE!G:G) -> PAR | F19: 9 | G19: 62.7 | H19: =F19*G19 -> 564.3 | K19: Ajuste de estoque conforme inventário
A20: 45929 | B20: 38 | C20: =IF(ISBLANK($B20),"",IFERROR(VLOOKUP($B20,ESTOQUE!$B$2:$D$97168,2,FALSE),"Produto não cadastrado")) -> CONSUMO | D20: =IF(ISBLANK($B20),"",IFERROR(VLOOKUP($B20,ESTOQUE!$B$2:$M$997973,3,FALSE),"Produto não cadastrado")) -> BOTINA OP. BICO PVC Nº 40 | E20: =_xlfn.XLOOKUP(B20,ESTOQUE!B:B,ESTOQUE!G:G) -> PAR | F20: 32 | G20: 62.7 | H20: =F20*G20 -> 2006.4 | K20: Ajuste de estoque conforme inventário
A21: 45929 | B21: 39 | C21: =IF(ISBLANK($B21),"",IFERROR(VLOOKUP($B21,ESTOQUE!$B$2:$D$97168,2,FALSE),"Produto não cadastrado")) -> CONSUMO | D21: =IF(ISBLANK($B21),"",IFERROR(VLOOKUP($B21,ESTOQUE!$B$2:$M$997973,3,FALSE),"Produto não cadastrado")) -> BOTINA OP. BICO PVC Nº 41 | E21: =_xlfn.XLOOKUP(B21,ESTOQUE!B:B,ESTOQUE!G:G) -> PAR | F21: 21 | G21: 62.7 | H21: =F21*G21 -> 1316.7 | K21: Ajuste de estoque conforme inventário
A22: 45929 | B22: 40 | C22: =IF(ISBLANK($B22),"",IFERROR(VLOOKUP($B22,ESTOQUE!$B$2:$D$97168,2,FALSE),"Produto não cadastrado")) -> CONSUMO | D22: =IF(ISBLANK($B22),"",IFERROR(VLOOKUP($B22,ESTOQUE!$B$2:$M$997973,3,FALSE),"Produto não cadastrado")) -> BOTINA OP. BICO PVC Nº 42 | E22: =_xlfn.XLOOKUP(B22,ESTOQUE!B:B,ESTOQUE!G:G) -> PAR | F22: 15 | G22: 62.7 | H22: =F22*G22 -> 940.5 | K22: Ajuste de estoque conforme inventário
A23: 45929 | B23: 41 | C23: =IF(ISBLANK($B23),"",IFERROR(VLOOKUP($B23,ESTOQUE!$B$2:$D$97168,2,FALSE),"Produto não cadastrado")) -> CONSUMO | D23: =IF(ISBLANK($B23),"",IFERROR(VLOOKUP($B23,ESTOQUE!$B$2:$M$997973,3,FALSE),"Produto não cadastrado")) -> BOTINA OP. BICO PVC Nº 43 | E23: =_xlfn.XLOOKUP(B23,ESTOQUE!B:B,ESTOQUE!G:G) -> PAR | F23: 13 | G23: 62.7 | H23: =F23*G23 -> 815.1 | K23: Ajuste de estoque conforme inventário
... A45: 45929 | B45: 71 | C45: =IF(ISBLANK($B45),"",IFERROR(VLOOKUP($B45,ESTOQUE!$B$2:$D$97168,2,FALSE),"Produto não cadastrado")) -> CONSUMO | D45: =IF(ISBLANK($B45),"",IFERROR(VLOOKUP($B45,ESTOQUE!$B$2:$M$997973,3,FALSE),"Produto não cadastrado")) -> CAMISA LARANJA OP. C/ FAIXA REFLETIVA TAM: XG | E45: =_xlfn.XLOOKUP(B45,ESTOQUE!B:B,ESTOQUE!G:G) -> UND | F45: 44 | G45: 74.4 | H45: =F45*G45 -> 3273.6 | K45: Ajuste de estoque conforme inventário
A46: 45929 | B46: 200 | C46: =IF(ISBLANK($B46),"",IFERROR(VLOOKUP($B46,ESTOQUE!$B$2:$D$97168,2,FALSE),"Produto não cadastrado")) -> CONSUMO | D46: CAMISA LARANJA OP. C/ FAIXA REFLETIVA TAM XGG | E46: =_xlfn.XLOOKUP(B46,ESTOQUE!B:B,ESTOQUE!G:G) -> UND | F46: 1 | G46: 74.4 | H46: =F46*G46 -> 74.4 | K46: Ajuste de estoque conforme inventário
A47: 45929 | B47: 72 | C47: =IF(ISBLANK($B47),"",IFERROR(VLOOKUP($B47,ESTOQUE!$B$2:$D$97168,2,FALSE),"Produto não cadastrado")) -> CONSUMO | D47: =IF(ISBLANK($B47),"",IFERROR(VLOOKUP($B47,ESTOQUE!$B$2:$M$997973,3,FALSE),"Produto não cadastrado")) -> CAPA DE CHUVA G | E47: =_xlfn.XLOOKUP(B47,ESTOQUE!B:B,ESTOQUE!G:G) -> UND | F47: 8 | G47: 17.9 | H47: =F47*G47 -> 143.2 | K47: Ajuste de estoque conforme inventário
A48: 45929 | B48: 73 | C48: =IF(ISBLANK($B48),"",IFERROR(VLOOKUP($B48,ESTOQUE!$B$2:$D$97168,2,FALSE),"Produto não cadastrado")) -> CONSUMO | D48: =IF(ISBLANK($B48),"",IFERROR(VLOOKUP($B48,ESTOQUE!$B$2:$M$997973,3,FALSE),"Produto não cadastrado")) -> CAPA DE CHUVA GG | E48: =_xlfn.XLOOKUP(B48,ESTOQUE!B:B,ESTOQUE!G:G) -> UND | F48: 87 | G48: 17.9 | H48: =F48*G48 -> 1557.3 | K48: Ajuste de estoque conforme inventário
A49: 45929 | B49: 75 | C49: =IF(ISBLANK($B49),"",IFERROR(VLOOKUP($B49,ESTOQUE!$B$2:$D$97168,2,FALSE),"Produto não cadastrado")) -> CONSUMO | D49: =IF(ISBLANK($B49),"",IFERROR(VLOOKUP($B49,ESTOQUE!$B$2:$M$997973,3,FALSE),"Produto não cadastrado")) -> CAPACETE CAMPER AZUL ESCURO | E49: =_xlfn.XLOOKUP(B49,ESTOQUE!B:B,ESTOQUE!G:G) -> UND | F49: 14 | G49: 16.97 | H49: =F49*G49 -> 237.58 | K49: Ajuste de estoque conforme inventário
A50: 45929 | B50: 76 | C50: =IF(ISBLANK($B50),"",IFERROR(VLOOKUP($B50,ESTOQUE!$B$2:$D$97168,2,FALSE),"Produto não cadastrado")) -> CONSUMO | D50: =IF(ISBLANK($B50),"",IFERROR(VLOOKUP($B50,ESTOQUE!$B$2:$M$997973,3,FALSE),"Produto não cadastrado")) -> CAPACETE CAMPER BRANCO | E50: =_xlfn.XLOOKUP(B50,ESTOQUE!B:B,ESTOQUE!G:G) -> UND | F50: 6 | G50: 16.97 | H50: =F50*G50 -> 101.82 | K50: Ajuste de estoque conforme inventário
A51: 45929 | B51: 77 | C51: =IF(ISBLANK($B51),"",IFERROR(VLOOKUP($B51,ESTOQUE!$B$2:$D$97168,2,FALSE),"Produto não cadastrado")) -> CONSUMO | D51: =IF(ISBLANK($B51),"",IFERROR(VLOOKUP($B51,ESTOQUE!$B$2:$M$997973,3,FALSE),"Produto não cadastrado")) -> CAPACETE CAMPER CINZA | E51: =_xlfn.XLOOKUP(B51,ESTOQUE!B:B,ESTOQUE!G:G) -> UND | F51: 10 | G51: 15.97 | H51: =F51*G51 -> 159.7 | K51: Ajuste de estoque conforme inventário
A52: 45929 | B52: 177 | C52: =IF(ISBLANK($B52),"",IFERROR(VLOOKUP($B52,ESTOQUE!$B$2:$D$97168,2,FALSE),"Produto não cadastrado")) -> CONSUMO | D52: =IF(ISBLANK($B52),"",IFERROR(VLOOKUP($B52,ESTOQUE!$B$2:$M$997973,3,FALSE),"Produto não cadastrado")) -> CAPACETE GENISIS AMARELO | E52: =_xlfn.XLOOKUP(B52,ESTOQUE!B:B,ESTOQUE!G:G) -> UND | F52: 19 | G52: 15.97 | H52: =F52*G52 -> 303.43 | K52: Ajuste de estoque conforme inventário
A53: 45929 | B53: 180 | C53: =IF(ISBLANK($B53),"",IFERROR(VLOOKUP($B53,ESTOQUE!$B$2:$D$97168,2,FALSE),"Produto não cadastrado")) -> CONSUMO | D53: =IF(ISBLANK($B53),"",IFERROR(VLOOKUP($B53,ESTOQUE!$B$2:$M$997973,3,FALSE),"Produto não cadastrado")) -> CAPACETE GENISIS MARRON | E53: =_xlfn.XLOOKUP(B53,ESTOQUE!B:B,ESTOQUE!G:G) -> UND | F53: 15 | G53: 15.97 | H53: =F53*G53 -> 239.55 | K53: Ajuste de estoque conforme inventário
A54: 45929 | B54: 181 | C54: =IF(ISBLANK($B54),"",IFERROR(VLOOKUP($B54,ESTOQUE!$B$2:$D$97168,2,FALSE),"Produto não cadastrado")) -> CONSUMO | D54: =IF(ISBLANK($B54),"",IFERROR(VLOOKUP($B54,ESTOQUE!$B$2:$M$997973,3,FALSE),"Produto não cadastrado")) -> CAPACETE GENISIS VERDE | E54: =_xlfn.XLOOKUP(B54,ESTOQUE!B:B,ESTOQUE!G:G) -> UND | F54: 20 | G54: 15.97 | H54: =F54*G54 -> 319.4 | K54: Ajuste de estoque conforme inventário
A55: 45929 | B55: 178 | C55: =IF(ISBLANK($B55),"",IFERROR(VLOOKUP($B55,ESTOQUE!$B$2:$D$97168,2,FALSE),"Produto não cadastrado")) -> CONSUMO | D55: =IF(ISBLANK($B55),"",IFERROR(VLOOKUP($B55,ESTOQUE!$B$2:$M$997973,3,FALSE),"Produto não cadastrado")) -> CAPACETE GENISIS VERMELHO | E55: =_xlfn.XLOOKUP(B55,ESTOQUE!B:B,ESTOQUE!G:G) -> UND | F55: 26 | G55: 15.97 | H55: =F55*G55 -> 415.22 | K55: Ajuste de estoque conforme inventário
A56: 45929 | B56: 87 | C56: =IF(ISBLANK($B56),"",IFERROR(VLOOKUP($B56,ESTOQUE!$B$2:$D$97168,2,FALSE),"Produto não cadastrado")) -> CONSUMO | D56: =IF(ISBLANK($B56),"",IFERROR(VLOOKUP($B56,ESTOQUE!$B$2:$M$997973,3,FALSE),"Produto não cadastrado")) -> CAPACETE PLASTCOR AMARELO | E56: =_xlfn.XLOOKUP(B56,ESTOQUE!B:B,ESTOQUE!G:G) -> UND | F56: 5 | G56: 15.16 | H56: =F56*G56 -> 75.8 | K56: Ajuste de estoque conforme inventário
A57: 45929 | B57: 91 | C57: =IF(ISBLANK($B57),"",IFERROR(VLOOKUP($B57,ESTOQUE!$B$2:$D$97168,2,FALSE),"Produto não cadastrado")) -> CONSUMO | D57: =IF(ISBLANK($B57),"",IFERROR(VLOOKUP($B57,ESTOQUE!$B$2:$M$997973,3,FALSE),"Produto não cadastrado")) -> CAPACETE PLASTCOR ROXO | E57: =_xlfn.XLOOKUP(B57,ESTOQUE!B:B,ESTOQUE!G:G) -> UND | F57: 8 | G57: 15.16 | H57: =F57*G57 -> 121.28 | K57: Ajuste de estoque conforme inventário
A58: 45929 | B58: 94 | C58: =IF(ISBLANK($B58),"",IFERROR(VLOOKUP($B58,ESTOQUE!$B$2:$D$97168,2,FALSE),"Produto não cadastrado")) -> CONSUMO | D58: =IF(ISBLANK($B58),"",IFERROR(VLOOKUP($B58,ESTOQUE!$B$2:$M$997973,3,FALSE),"Produto não cadastrado")) -> CARNEIRA P/ CAPACETE CAMPER | E58: =_xlfn.XLOOKUP(B58,ESTOQUE!B:B,ESTOQUE!G:G) -> UND | F58: 100 | G58: 15.16 | H58: =F58*G58 -> 1516 | K58: Ajuste de estoque conforme inventário
... A62: 45929 | B62: 188 | C62: =IF(ISBLANK($B62),"",IFERROR(VLOOKUP($B62,ESTOQUE!$B$2:$D$97168,2,FALSE),"Produto não cadastrado")) -> CONSUMO | D62: =IF(ISBLANK($B62),"",IFERROR(VLOOKUP($B62,ESTOQUE!$B$2:$M$997973,3,FALSE),"Produto não cadastrado")) -> COLETE REFLETIVO LARANJA XG | E62: =_xlfn.XLOOKUP(B62,ESTOQUE!B:B,ESTOQUE!G:G) -> UND | F62: 5 | G62: 19 | H62: =F62*G62 -> 95 | K62: Ajuste de estoque conforme inventário
A63: 45929 | B63: 98 | C63: =IF(ISBLANK($B63),"",IFERROR(VLOOKUP($B63,ESTOQUE!$B$2:$D$97168,2,FALSE),"Produto não cadastrado")) -> CONSUMO | D63: COLETE REFLETIVO LARANJA XGG | E63: =_xlfn.XLOOKUP(B63,ESTOQUE!B:B,ESTOQUE!G:G) -> UND | F63: 87 | G63: 19 | H63: =F63*G63 -> 1653 | K63: Ajuste de estoque conforme inventário
A64: 45929 | B64: 156 | C64: =IF(ISBLANK($B64),"",IFERROR(VLOOKUP($B64,ESTOQUE!$B$2:$D$97168,2,FALSE),"Produto não cadastrado")) -> CONSUMO | D64: =IF(ISBLANK($B64),"",IFERROR(VLOOKUP($B64,ESTOQUE!$B$2:$M$997973,3,FALSE),"Produto não cadastrado")) -> CONJUNTO NR 10 AZUL CLASSE 2 TAM G | E64: =_xlfn.XLOOKUP(B64,ESTOQUE!B:B,ESTOQUE!G:G) -> CONJ | F64: 5 | G64: 375.9 | H64: =F64*G64 -> 1879.5 | K64: Ajuste de estoque conforme inventário
A65: 45929 | B65: 157 | C65: =IF(ISBLANK($B65),"",IFERROR(VLOOKUP($B65,ESTOQUE!$B$2:$D$97168,2,FALSE),"Produto não cadastrado")) -> CONSUMO | D65: =IF(ISBLANK($B65),"",IFERROR(VLOOKUP($B65,ESTOQUE!$B$2:$M$997973,3,FALSE),"Produto não cadastrado")) -> CONJUNTO NR 10 AZUL CLASSE 2 TAM GG | E65: =_xlfn.XLOOKUP(B65,ESTOQUE!B:B,ESTOQUE!G:G) -> CONJ | F65: 5 | G65: 375.9 | H65: =F65*G65 -> 1879.5 | K65: Ajuste de estoque conforme inventário
A66: 45929 | B66: 155 | C66: =IF(ISBLANK($B66),"",IFERROR(VLOOKUP($B66,ESTOQUE!$B$2:$D$97168,2,FALSE),"Produto não cadastrado")) -> CONSUMO | D66: =IF(ISBLANK($B66),"",IFERROR(VLOOKUP($B66,ESTOQUE!$B$2:$M$997973,3,FALSE),"Produto não cadastrado")) -> CONJUNTO NR 10 AZUL CLASSE 2 TAM P | E66: =_xlfn.XLOOKUP(B66,ESTOQUE!B:B,ESTOQUE!G:G) -> CONJ | F66: 5 | G66: 375.9 | H66: =F66*G66 -> 1879.5 | K66: Ajuste de estoque conforme inventário
A67: 45929 | B67: 101 | C67: =IF(ISBLANK($B67),"",IFERROR(VLOOKUP($B67,ESTOQUE!$B$2:$D$97168,2,FALSE),"Produto não cadastrado")) -> CONSUMO | D67: =IF(ISBLANK($B67),"",IFERROR(VLOOKUP($B67,ESTOQUE!$B$2:$M$997973,3,FALSE),"Produto não cadastrado")) -> JARDINEIRA AMARELA BOTA Nº 39 | E67: =_xlfn.XLOOKUP(B67,ESTOQUE!B:B,ESTOQUE!G:G) -> UND | F67: 10 | G67: 189.9 | H67: =F67*G67 -> 1899 | K67: Ajuste de estoque conforme inventário
A68: 45929 | B68: 102 | C68: =IF(ISBLANK($B68),"",IFERROR(VLOOKUP($B68,ESTOQUE!$B$2:$D$97168,2,FALSE),"Produto não cadastrado")) -> CONSUMO | D68: =IF(ISBLANK($B68),"",IFERROR(VLOOKUP($B68,ESTOQUE!$B$2:$M$997973,3,FALSE),"Produto não cadastrado")) -> JARDINEIRA AMARELA BOTA Nº 40 | E68: =_xlfn.XLOOKUP(B68,ESTOQUE!B:B,ESTOQUE!G:G) -> UND | F68: 6 | G68: 189.9 | H68: =F68*G68 -> 1139.4 | K68: Ajuste de estoque conforme inventário
A69: 45929 | B69: 103 | C69: =IF(ISBLANK($B69),"",IFERROR(VLOOKUP($B69,ESTOQUE!$B$2:$D$97168,2,FALSE),"Produto não cadastrado")) -> CONSUMO | D69: =IF(ISBLANK($B69),"",IFERROR(VLOOKUP($B69,ESTOQUE!$B$2:$M$997973,3,FALSE),"Produto não cadastrado")) -> JARDINEIRA AMARELA BOTA Nº 41 | E69: =_xlfn.XLOOKUP(B69,ESTOQUE!B:B,ESTOQUE!G:G) -> UND | F69: 16 | G69: 189.9 | H69: =F69*G69 -> 3038.4 | K69: Ajuste de estoque conforme inventário
A70: 45929 | B70: 104 | C70: =IF(ISBLANK($B70),"",IFERROR(VLOOKUP($B70,ESTOQUE!$B$2:$D$97168,2,FALSE),"Produto não cadastrado")) -> CONSUMO | D70: =IF(ISBLANK($B70),"",IFERROR(VLOOKUP($B70,ESTOQUE!$B$2:$M$997973,3,FALSE),"Produto não cadastrado")) -> JARDINEIRA AMARELA BOTA Nº 42 | E70: =_xlfn.XLOOKUP(B70,ESTOQUE!B:B,ESTOQUE!G:G) -> UND | F70: 15 | G70: 189.9 | H70: =F70*G70 -> 2848.5 | K70: Ajuste de estoque conforme inventário
A71: 45929 | B71: 105 | C71: =IF(ISBLANK($B71),"",IFERROR(VLOOKUP($B71,ESTOQUE!$B$2:$D$97168,2,FALSE),"Produto não cadastrado")) -> CONSUMO | D71: =IF(ISBLANK($B71),"",IFERROR(VLOOKUP($B71,ESTOQUE!$B$2:$M$997973,3,FALSE),"Produto não cadastrado")) -> JARDINEIRA AMARELA BOTA Nº 43 | E71: =_xlfn.XLOOKUP(B71,ESTOQUE!B:B,ESTOQUE!G:G) -> UND | F71: 15 | G71: 189.9 | H71: =F71*G71 -> 2848.5 | K71: Ajuste de estoque conforme inventário
A72: 45929 | B72: 106 | C72: =IF(ISBLANK($B72),"",IFERROR(VLOOKUP($B72,ESTOQUE!$B$2:$D$97168,2,FALSE),"Produto não cadastrado")) -> CONSUMO | D72: =IF(ISBLANK($B72),"",IFERROR(VLOOKUP($B72,ESTOQUE!$B$2:$M$997973,3,FALSE),"Produto não cadastrado")) -> JARDINEIRA AMARELA BOTA Nº 44 | E72: =_xlfn.XLOOKUP(B72,ESTOQUE!B:B,ESTOQUE!G:G) -> UND | F72: 3 | G72: 189.9 | H72: =F72*G72 -> 569.7 | K72: Ajuste de estoque conforme inventário
A73: 45929 | B73: 107 | C73: =IF(ISBLANK($B73),"",IFERROR(VLOOKUP($B73,ESTOQUE!$B$2:$D$97168,2,FALSE),"Produto não cadastrado")) -> CONSUMO | D73: =IF(ISBLANK($B73),"",IFERROR(VLOOKUP($B73,ESTOQUE!$B$2:$M$997973,3,FALSE),"Produto não cadastrado")) -> JARDINEIRA AMARELA BOTA Nº 45 | E73: =_xlfn.XLOOKUP(B73,ESTOQUE!B:B,ESTOQUE!G:G) -> UND | F73: 5 | G73: 189.9 | H73: =F73*G73 -> 949.5 | K73: Ajuste de estoque conforme inventário
A74: 45929 | B74: 110 | C74: =IF(ISBLANK($B74),"",IFERROR(VLOOKUP($B74,ESTOQUE!$B$2:$D$97168,2,FALSE),"Produto não cadastrado")) -> CONSUMO | D74: =IF(ISBLANK($B74),"",IFERROR(VLOOKUP($B74,ESTOQUE!$B$2:$M$997973,3,FALSE),"Produto não cadastrado")) -> LUVA DE RASPA CANO LONGO | E74: =_xlfn.XLOOKUP(B74,ESTOQUE!B:B,ESTOQUE!G:G) -> PAR | F74: 180 | G74: 12.99 | H74: =F74*G74 -> 2338.2 | K74: Ajuste de estoque conforme inventário
A75: 45929 | B75: 141 | C75: =IF(ISBLANK($B75),"",IFERROR(VLOOKUP($B75,ESTOQUE!$B$2:$D$97168,2,FALSE),"Produto não cadastrado")) -> CONSUMO | D75: =IF(ISBLANK($B75),"",IFERROR(VLOOKUP($B75,ESTOQUE!$B$2:$M$997973,3,FALSE),"Produto não cadastrado")) -> LUVA DE VAQUETA | E75: =_xlfn.XLOOKUP(B75,ESTOQUE!B:B,ESTOQUE!G:G) -> PAR | F75: 75 | G75: 11 | H75: =F75*G75 -> 825 | K75: Ajuste de estoque conforme inventário
... A115: 45930 | B115: 207 | C115: =IF(ISBLANK($B115),"",IFERROR(VLOOKUP($B115,ESTOQUE!$B$2:$D$97168,2,FALSE),"Produto não cadastrado")) -> CONSUMO | D115: =IF(ISBLANK($B115),"",IFERROR(VLOOKUP($B115,ESTOQUE!$B$2:$M$997973,3,FALSE),"Produto não cadastrado")) -> LUVA POLIESTER ANTICORTE BANHADA PU TAM 9 | E115: =_xlfn.XLOOKUP(B115,ESTOQUE!B:B,ESTOQUE!G:G) -> PAR | F115: 30 | G115: 16.63 | H115: =F115*G115 -> 498.9 | K115: Ajuste de estoque conforme inventário
A116: 45932 | B116: 118 | C116: =IF(ISBLANK($B116),"",IFERROR(VLOOKUP($B116,ESTOQUE!$B$2:$D$97168,2,FALSE),"Produto não cadastrado")) -> CONSUMO | D116: =IF(ISBLANK($B116),"",IFERROR(VLOOKUP($B116,ESTOQUE!$B$2:$M$997973,3,FALSE),"Produto não cadastrado")) -> MACACÃO DE PROTEÇÃO TYVEK | E116: =_xlfn.XLOOKUP(B116,ESTOQUE!B:B,ESTOQUE!G:G) -> UND | F116: 75 | H116: =F116*G116 -> 0 | K116: Ajuste de estoque conforme inventário
A117: 45932 | B117: 144 | C117: =IF(ISBLANK($B117),"",IFERROR(VLOOKUP($B117,ESTOQUE!$B$2:$D$97168,2,FALSE),"Produto não cadastrado")) -> CONSUMO | D117: =IF(ISBLANK($B117),"",IFERROR(VLOOKUP($B117,ESTOQUE!$B$2:$M$997973,3,FALSE),"Produto não cadastrado")) -> MASCARA PFF2-S C/ FILTRO | E117: =_xlfn.XLOOKUP(B117,ESTOQUE!B:B,ESTOQUE!G:G) -> UND | F117: 400 | H117: =F117*G117 -> 0 | K117: Ajuste de estoque conforme inventário
A118: 45932 | B118: 207 | C118: =IF(ISBLANK($B118),"",IFERROR(VLOOKUP($B118,ESTOQUE!$B$2:$D$97168,2,FALSE),"Produto não cadastrado")) -> CONSUMO | D118: =IF(ISBLANK($B118),"",IFERROR(VLOOKUP($B118,ESTOQUE!$B$2:$M$997973,3,FALSE),"Produto não cadastrado")) -> LUVA POLIESTER ANTICORTE BANHADA PU TAM 9 | E118: =_xlfn.XLOOKUP(B118,ESTOQUE!B:B,ESTOQUE!G:G) -> PAR | F118: 76 | H118: =F118*G118 -> 0
A119: 45932 | B119: 258 | C119: =IF(ISBLANK($B119),"",IFERROR(VLOOKUP($B119,ESTOQUE!$B$2:$D$97168,2,FALSE),"Produto não cadastrado")) -> CONSUMO | D119: =IF(ISBLANK($B119),"",IFERROR(VLOOKUP($B119,ESTOQUE!$B$2:$M$997973,3,FALSE),"Produto não cadastrado")) -> CORDA MULTIFILAMENTO TRANÇADA 12mm | E119: =_xlfn.XLOOKUP(B119,ESTOQUE!B:B,ESTOQUE!G:G) -> M | F119: 2800 | H119: =F119*G119 -> 0
A120: 45932 | B120: 259 | C120: =IF(ISBLANK($B120),"",IFERROR(VLOOKUP($B120,ESTOQUE!$B$2:$D$97168,2,FALSE),"Produto não cadastrado")) -> CONSUMO | D120: =IF(ISBLANK($B120),"",IFERROR(VLOOKUP($B120,ESTOQUE!$B$2:$M$997973,3,FALSE),"Produto não cadastrado")) -> CORDA TORCIDA DE RÁFIA PP 12mm | E120: =_xlfn.XLOOKUP(B120,ESTOQUE!B:B,ESTOQUE!G:G) -> M | F120: 840 | H120: =F120*G120 -> 0
A121: 45932 | B121: 260 | C121: =IF(ISBLANK($B121),"",IFERROR(VLOOKUP($B121,ESTOQUE!$B$2:$D$97168,2,FALSE),"Produto não cadastrado")) -> CONSUMO | D121: =IF(ISBLANK($B121),"",IFERROR(VLOOKUP($B121,ESTOQUE!$B$2:$M$997973,3,FALSE),"Produto não cadastrado")) -> CORDA PARA SINALIZAÇÃO 12mmx150m | E121: =_xlfn.XLOOKUP(B121,ESTOQUE!B:B,ESTOQUE!G:G) -> M | F121: 1400 | H121: =F121*G121 -> 0
A122: 45933 | B122: 46 | C122: =IF(ISBLANK($B122),"",IFERROR(VLOOKUP($B122,ESTOQUE!$B$2:$D$97168,2,FALSE),"Produto não cadastrado")) -> CONSUMO | D122: =IF(ISBLANK($B122),"",IFERROR(VLOOKUP($B122,ESTOQUE!$B$2:$M$997973,3,FALSE),"Produto não cadastrado")) -> CALÇA CINZA OP. C/ FAIXA REFLETIVA TAM: G | E122: =_xlfn.XLOOKUP(B122,ESTOQUE!B:B,ESTOQUE!G:G) -> UND | F122: 10 | H122: =F122*G122 -> 0 | K122: Ajuste de estoque conforme inventário
A123: 45933 | B123: 47 | C123: =IF(ISBLANK($B123),"",IFERROR(VLOOKUP($B123,ESTOQUE!$B$2:$D$97168,2,FALSE),"Produto não cadastrado")) -> CONSUMO | D123: =IF(ISBLANK($B123),"",IFERROR(VLOOKUP($B123,ESTOQUE!$B$2:$M$997973,3,FALSE),"Produto não cadastrado")) -> CALÇA CINZA OP. C/ FAIXA REFLETIVA TAM: GG | E123: =_xlfn.XLOOKUP(B123,ESTOQUE!B:B,ESTOQUE!G:G) -> UND | F123: 10 | H123: =F123*G123 -> 0 | K123: Ajuste de estoque conforme inventário
A124: 45933 | B124: 50 | C124: =IF(ISBLANK($B124),"",IFERROR(VLOOKUP($B124,ESTOQUE!$B$2:$D$97168,2,FALSE),"Produto não cadastrado")) -> CONSUMO | D124: =IF(ISBLANK($B124),"",IFERROR(VLOOKUP($B124,ESTOQUE!$B$2:$M$997973,3,FALSE),"Produto não cadastrado")) -> CALÇA CINZA OP. C/ FAIXA REFLETIVA TAM: XG | E124: =_xlfn.XLOOKUP(B124,ESTOQUE!B:B,ESTOQUE!G:G) -> UND | F124: 20 | H124: =F124*G124 -> 0 | K124: Ajuste de estoque conforme inventário
A125: 45933 | B125: 49 | C125: =IF(ISBLANK($B125),"",IFERROR(VLOOKUP($B125,ESTOQUE!$B$2:$D$97168,2,FALSE),"Produto não cadastrado")) -> CONSUMO | D125: =IF(ISBLANK($B125),"",IFERROR(VLOOKUP($B125,ESTOQUE!$B$2:$M$997973,3,FALSE),"Produto não cadastrado")) -> CALÇA CINZA OP. C/ FAIXA REFLETIVA TAM: P | E125: =_xlfn.XLOOKUP(B125,ESTOQUE!B:B,ESTOQUE!G:G) -> UND | F125: 20 | H125: =F125*G125 -> 0 | K125: Ajuste de estoque conforme inventário
A126: 45933 | B126: 67 | C126: =IF(ISBLANK($B126),"",IFERROR(VLOOKUP($B126,ESTOQUE!$B$2:$D$97168,2,FALSE),"Produto não cadastrado")) -> CONSUMO | D126: =IF(ISBLANK($B126),"",IFERROR(VLOOKUP($B126,ESTOQUE!$B$2:$M$997973,3,FALSE),"Produto não cadastrado")) -> CAMISA LARANJA OP. C/ FAIXA REFLETIVA TAM: G | E126: =_xlfn.XLOOKUP(B126,ESTOQUE!B:B,ESTOQUE!G:G) -> UND | F126: 10 | H126: =F126*G126 -> 0 | K126: Ajuste de estoque conforme inventário
A127: 45933 | B127: 68 | C127: =IF(ISBLANK($B127),"",IFERROR(VLOOKUP($B127,ESTOQUE!$B$2:$D$97168,2,FALSE),"Produto não cadastrado")) -> CONSUMO | D127: =IF(ISBLANK($B127),"",IFERROR(VLOOKUP($B127,ESTOQUE!$B$2:$M$997973,3,FALSE),"Produto não cadastrado")) -> CAMISA LARANJA OP. C/ FAIXA REFLETIVA TAM: GG | E127: =_xlfn.XLOOKUP(B127,ESTOQUE!B:B,ESTOQUE!G:G) -> UND | F127: 10 | H127: =F127*G127 -> 0 | K127: Ajuste de estoque conforme inventário
A128: 45933 | B128: 69 | C128: =IF(ISBLANK($B128),"",IFERROR(VLOOKUP($B128,ESTOQUE!$B$2:$D$97168,2,FALSE),"Produto não cadastrado")) -> CONSUMO | D128: =IF(ISBLANK($B128),"",IFERROR(VLOOKUP($B128,ESTOQUE!$B$2:$M$997973,3,FALSE),"Produto não cadastrado")) -> CAMISA LARANJA OP. C/ FAIXA REFLETIVA TAM: M | E128: =_xlfn.XLOOKUP(B128,ESTOQUE!B:B,ESTOQUE!G:G) -> UND | F128: 10 | H128: =F128*G128 -> 0 | K128: Ajuste de estoque conforme inventário
A129: 45933 | B129: 70 | C129: =IF(ISBLANK($B129),"",IFERROR(VLOOKUP($B129,ESTOQUE!$B$2:$D$97168,2,FALSE),"Produto não cadastrado")) -> CONSUMO | D129: =IF(ISBLANK($B129),"",IFERROR(VLOOKUP($B129,ESTOQUE!$B$2:$M$997973,3,FALSE),"Produto não cadastrado")) -> CAMISA LARANJA OP. C/ FAIXA REFLETIVA TAM: P | E129: =_xlfn.XLOOKUP(B129,ESTOQUE!B:B,ESTOQUE!G:G) -> UND | F129: 10 | H129: =F129*G129 -> 0 | K129: Ajuste de estoque conforme inventário
A130: 45933 | B130: 71 | C130: =IF(ISBLANK($B130),"",IFERROR(VLOOKUP($B130,ESTOQUE!$B$2:$D$97168,2,FALSE),"Produto não cadastrado")) -> CONSUMO | D130: =IF(ISBLANK($B130),"",IFERROR(VLOOKUP($B130,ESTOQUE!$B$2:$M$997973,3,FALSE),"Produto não cadastrado")) -> CAMISA LARANJA OP. C/ FAIXA REFLETIVA TAM: XG | E130: =_xlfn.XLOOKUP(B130,ESTOQUE!B:B,ESTOQUE!G:G) -> UND | F130: 10 | H130: =F130*G130 -> 0 | K130: Ajuste de estoque conforme inventário
A131: 45933 | B131: 76 | C131: =IF(ISBLANK($B131),"",IFERROR(VLOOKUP($B131,ESTOQUE!$B$2:$D$97168,2,FALSE),"Produto não cadastrado")) -> CONSUMO | D131: =IF(ISBLANK($B131),"",IFERROR(VLOOKUP($B131,ESTOQUE!$B$2:$M$997973,3,FALSE),"Produto não cadastrado")) -> CAPACETE CAMPER BRANCO | E131: =_xlfn.XLOOKUP(B131,ESTOQUE!B:B,ESTOQUE!G:G) -> UND | F131: 10 | H131: =F131*G131 -> 0 | K131: Ajuste de estoque conforme inventário
A132: 45933 | B132: 118 | C132: =IF(ISBLANK($B132),"",IFERROR(VLOOKUP($B132,ESTOQUE!$B$2:$D$97168,2,FALSE),"Produto não cadastrado")) -> CONSUMO | D132: =IF(ISBLANK($B132),"",IFERROR(VLOOKUP($B132,ESTOQUE!$B$2:$M$997973,3,FALSE),"Produto não cadastrado")) -> MACACÃO DE PROTEÇÃO TYVEK | E132: =_xlfn.XLOOKUP(B132,ESTOQUE!B:B,ESTOQUE!G:G) -> UND | F132: 75 | H132: =F132*G132 -> 0 | K132: Ajuste de estoque conforme inventário
A133: 45933 | B133: 144 | C133: =IF(ISBLANK($B133),"",IFERROR(VLOOKUP($B133,ESTOQUE!$B$2:$D$97168,2,FALSE),"Produto não cadastrado")) -> CONSUMO | D133: =IF(ISBLANK($B133),"",IFERROR(VLOOKUP($B133,ESTOQUE!$B$2:$M$997973,3,FALSE),"Produto não cadastrado")) -> MASCARA PFF2-S C/ FILTRO | E133: =_xlfn.XLOOKUP(B133,ESTOQUE!B:B,ESTOQUE!G:G) -> UND | F133: 400 | H133: =F133*G133 -> 0 | K133: Ajuste de estoque conforme inventário
... A136: 45933 | B136: 257 | C136: =IF(ISBLANK($B136),"",IFERROR(VLOOKUP($B136,ESTOQUE!$B$2:$D$97168,2,FALSE),"Produto não cadastrado")) -> CONSUMO | D136: =IF(ISBLANK($B136),"",IFERROR(VLOOKUP($B136,ESTOQUE!$B$2:$M$997973,3,FALSE),"Produto não cadastrado")) -> LUVA MULTITATO | E136: =_xlfn.XLOOKUP(B136,ESTOQUE!B:B,ESTOQUE!G:G) -> UND | F136: 300 | H136: =F136*G136 -> 0 | K136: Ajuste de estoque conforme inventário
A137: 45935 | B137: 135 | C137: =IF(ISBLANK($B137),"",IFERROR(VLOOKUP($B137,ESTOQUE!$B$2:$D$97168,2,FALSE),"Produto não cadastrado")) -> CONSUMO | D137: =IF(ISBLANK($B137),"",IFERROR(VLOOKUP($B137,ESTOQUE!$B$2:$M$997973,3,FALSE),"Produto não cadastrado")) -> TALABARTE DUPLO TIPO Y | E137: =_xlfn.XLOOKUP(B137,ESTOQUE!B:B,ESTOQUE!G:G) -> UND | F137: 10 | H137: =F137*G137 -> 0
A138: 45936 | B138: 96 | C138: =IF(ISBLANK($B138),"",IFERROR(VLOOKUP($B138,ESTOQUE!$B$2:$D$97168,2,FALSE),"Produto não cadastrado")) -> CONSUMO | D138: =IF(ISBLANK($B138),"",IFERROR(VLOOKUP($B138,ESTOQUE!$B$2:$M$997973,3,FALSE),"Produto não cadastrado")) -> CINTO DE SEGURANÇA MODELO:C70 | E138: =_xlfn.XLOOKUP(B138,ESTOQUE!B:B,ESTOQUE!G:G) -> UND | F138: 10 | H138: =F138*G138 -> 0
A139: 45944 | B139: 111 | C139: =IF(ISBLANK($B139),"",IFERROR(VLOOKUP($B139,ESTOQUE!$B$2:$D$97168,2,FALSE),"Produto não cadastrado")) -> CONSUMO | D139: =IF(ISBLANK($B139),"",IFERROR(VLOOKUP($B139,ESTOQUE!$B$2:$M$997973,3,FALSE),"Produto não cadastrado")) -> LUVA DE VAQUETA MARROM | E139: =_xlfn.XLOOKUP(B139,ESTOQUE!B:B,ESTOQUE!G:G) -> PAR | F139: 60 | H139: =F139*G139 -> 0
A140: 45944 | B140: 141 | C140: =IF(ISBLANK($B140),"",IFERROR(VLOOKUP($B140,ESTOQUE!$B$2:$D$97168,2,FALSE),"Produto não cadastrado")) -> CONSUMO | D140: =IF(ISBLANK($B140),"",IFERROR(VLOOKUP($B140,ESTOQUE!$B$2:$M$997973,3,FALSE),"Produto não cadastrado")) -> LUVA DE VAQUETA | E140: =_xlfn.XLOOKUP(B140,ESTOQUE!B:B,ESTOQUE!G:G) -> PAR | F140: 70 | H140: =F140*G140 -> 0
A141: 45944 | B141: 261 | C141: =IF(ISBLANK($B141),"",IFERROR(VLOOKUP($B141,ESTOQUE!$B$2:$D$97168,2,FALSE),"Produto não cadastrado")) -> CONSUMO | D141: =IF(ISBLANK($B141),"",IFERROR(VLOOKUP($B141,ESTOQUE!$B$2:$M$997973,3,FALSE),"Produto não cadastrado")) -> LUVA DE VAQUETA VERDE | E141: =_xlfn.XLOOKUP(B141,ESTOQUE!B:B,ESTOQUE!G:G) -> PAR | F141: 20 | H141: =F141*G141 -> 0
A142: 45944 | B142: 144 | C142: =IF(ISBLANK($B142),"",IFERROR(VLOOKUP($B142,ESTOQUE!$B$2:$D$97168,2,FALSE),"Produto não cadastrado")) -> CONSUMO | D142: =IF(ISBLANK($B142),"",IFERROR(VLOOKUP($B142,ESTOQUE!$B$2:$M$997973,3,FALSE),"Produto não cadastrado")) -> MASCARA PFF2-S C/ FILTRO | E142: =_xlfn.XLOOKUP(B142,ESTOQUE!B:B,ESTOQUE!G:G) -> UND | F142: 150 | H142: =F142*G142 -> 0
A143: 45944 | B143: 262 | C143: =IF(ISBLANK($B143),"",IFERROR(VLOOKUP($B143,ESTOQUE!$B$2:$D$97168,2,FALSE),"Produto não cadastrado")) -> CONSUMO | D143: =IF(ISBLANK($B143),"",IFERROR(VLOOKUP($B143,ESTOQUE!$B$2:$M$997973,3,FALSE),"Produto não cadastrado")) -> LUVA DE RASPA MISTA | E143: =_xlfn.XLOOKUP(B143,ESTOQUE!B:B,ESTOQUE!G:G) -> PAR | F143: 12 | H143: =F143*G143 -> 0
A144: 45945 | B144: 49 | C144: =IF(ISBLANK($B144),"",IFERROR(VLOOKUP($B144,ESTOQUE!$B$2:$D$97168,2,FALSE),"Produto não cadastrado")) -> CONSUMO | D144: =IF(ISBLANK($B144),"",IFERROR(VLOOKUP($B144,ESTOQUE!$B$2:$M$997973,3,FALSE),"Produto não cadastrado")) -> CALÇA CINZA OP. C/ FAIXA REFLETIVA TAM: P | E144: =_xlfn.XLOOKUP(B144,ESTOQUE!B:B,ESTOQUE!G:G) -> UND | F144: 60 | H144: =F144*G144 -> 0
A145: 45945 | B145: 48 | C145: =IF(ISBLANK($B145),"",IFERROR(VLOOKUP($B145,ESTOQUE!$B$2:$D$97168,2,FALSE),"Produto não cadastrado")) -> CONSUMO | D145: =IF(ISBLANK($B145),"",IFERROR(VLOOKUP($B145,ESTOQUE!$B$2:$M$997973,3,FALSE),"Produto não cadastrado")) -> CALÇA CINZA OP. C/ FAIXA REFLETIVA TAM: M | E145: =_xlfn.XLOOKUP(B145,ESTOQUE!B:B,ESTOQUE!G:G) -> UND | F145: 50 | H145: =F145*G145 -> 0
A146: 45945 | B146: 46 | C146: =IF(ISBLANK($B146),"",IFERROR(VLOOKUP($B146,ESTOQUE!$B$2:$D$97168,2,FALSE),"Produto não cadastrado")) -> CONSUMO | D146: =IF(ISBLANK($B146),"",IFERROR(VLOOKUP($B146,ESTOQUE!$B$2:$M$997973,3,FALSE),"Produto não cadastrado")) -> CALÇA CINZA OP. C/ FAIXA REFLETIVA TAM: G | E146: =_xlfn.XLOOKUP(B146,ESTOQUE!B:B,ESTOQUE!G:G) -> UND | F146: 140 | H146: =F146*G146 -> 0
A147: 45953 | B147: 217 | C147: =IF(ISBLANK($B147),"",IFERROR(VLOOKUP($B147,ESTOQUE!$B$2:$D$97168,2,FALSE),"Produto não cadastrado")) -> CONSUMO | D147: =IF(ISBLANK($B147),"",IFERROR(VLOOKUP($B147,ESTOQUE!$B$2:$M$997973,3,FALSE),"Produto não cadastrado")) -> BOTINA SEGURANÇA METATARSO 40 | E147: =_xlfn.XLOOKUP(B147,ESTOQUE!B:B,ESTOQUE!G:G) -> PAR | F147: 5 | H147: =F147*G147 -> 0
A148: 45953 | B148: 218 | C148: =IF(ISBLANK($B148),"",IFERROR(VLOOKUP($B148,ESTOQUE!$B$2:$D$97168,2,FALSE),"Produto não cadastrado")) -> CONSUMO | D148: =IF(ISBLANK($B148),"",IFERROR(VLOOKUP($B148,ESTOQUE!$B$2:$M$997973,3,FALSE),"Produto não cadastrado")) -> BOTINA SEGURANÇA METATARSO 41 | E148: =_xlfn.XLOOKUP(B148,ESTOQUE!B:B,ESTOQUE!G:G) -> PAR | F148: 11 | H148: =F148*G148 -> 0
... A306: 45993 | B306: 117 | C306: =IF(ISBLANK($B306),"",IFERROR(VLOOKUP($B306,ESTOQUE!$B$2:$D$97168,2,FALSE),"Produto não cadastrado")) -> CONSUMO | D306: =IF(ISBLANK($B306),"",IFERROR(VLOOKUP($B306,ESTOQUE!$B$2:$M$997973,3,FALSE),"Produto não cadastrado")) -> LUVA PIGMENTADA | E306: =_xlfn.XLOOKUP(B306,ESTOQUE!B:B,ESTOQUE!G:G) -> PAR | F306: 576 | H306: =F306*G306 -> 0
A307: 45993 | B307: 125 | C307: =IF(ISBLANK($B307),"",IFERROR(VLOOKUP($B307,ESTOQUE!$B$2:$D$97168,2,FALSE),"Produto não cadastrado")) -> CONSUMO | D307: =IF(ISBLANK($B307),"",IFERROR(VLOOKUP($B307,ESTOQUE!$B$2:$M$997973,3,FALSE),"Produto não cadastrado")) -> MASCARA DE SOLDA AUTOMATICA | E307: =_xlfn.XLOOKUP(B307,ESTOQUE!B:B,ESTOQUE!G:G) -> UND | F307: 8 | H307: =F307*G308 -> 0
A308: 45993 | B308: 124 | C308: =IF(ISBLANK($B308),"",IFERROR(VLOOKUP($B308,ESTOQUE!$B$2:$D$97168,2,FALSE),"Produto não cadastrado")) -> CONSUMO | D308: =IF(ISBLANK($B308),"",IFERROR(VLOOKUP($B308,ESTOQUE!$B$2:$M$997973,3,FALSE),"Produto não cadastrado")) -> OCULOS DE PROTEÇÃO INCOLOR | E308: =_xlfn.XLOOKUP(B308,ESTOQUE!B:B,ESTOQUE!G:G) -> UND | F308: 840 | H308: =F308*G309 -> 0
A309: 45993 | B309: 126 | C309: =IF(ISBLANK($B309),"",IFERROR(VLOOKUP($B309,ESTOQUE!$B$2:$D$97168,2,FALSE),"Produto não cadastrado")) -> CONSUMO | D309: =IF(ISBLANK($B309),"",IFERROR(VLOOKUP($B309,ESTOQUE!$B$2:$M$997973,3,FALSE),"Produto não cadastrado")) -> OCULOS DE PROTEÇÃO ESCURO | E309: =_xlfn.XLOOKUP(B309,ESTOQUE!B:B,ESTOQUE!G:G) -> UND | F309: 360 | H309: =F309*G309 -> 0
A310: 45993 | B310: 144 | C310: =IF(ISBLANK($B310),"",IFERROR(VLOOKUP($B310,ESTOQUE!$B$2:$D$97168,2,FALSE),"Produto não cadastrado")) -> CONSUMO | D310: =IF(ISBLANK($B310),"",IFERROR(VLOOKUP($B310,ESTOQUE!$B$2:$M$997973,3,FALSE),"Produto não cadastrado")) -> MASCARA PFF2-S C/ FILTRO | E310: =_xlfn.XLOOKUP(B310,ESTOQUE!B:B,ESTOQUE!G:G) -> UND | F310: 1800 | H310: =F310*G310 -> 0
A311: 45993 | B311: 225 | C311: =IF(ISBLANK($B311),"",IFERROR(VLOOKUP($B311,ESTOQUE!$B$2:$D$97168,2,FALSE),"Produto não cadastrado")) -> CONSUMO | D311: =IF(ISBLANK($B311),"",IFERROR(VLOOKUP($B311,ESTOQUE!$B$2:$M$997973,3,FALSE),"Produto não cadastrado")) -> OCULOS OPERACIONAL SOBRE POR INCOLOR | E311: =_xlfn.XLOOKUP(B311,ESTOQUE!B:B,ESTOQUE!G:G) -> UND | F311: 15 | H311: =F311*G311 -> 0
A312: 45993 | B312: 46 | C312: =IF(ISBLANK($B312),"",IFERROR(VLOOKUP($B312,ESTOQUE!$B$2:$D$97168,2,FALSE),"Produto não cadastrado")) -> CONSUMO | D312: =IF(ISBLANK($B312),"",IFERROR(VLOOKUP($B312,ESTOQUE!$B$2:$M$997973,3,FALSE),"Produto não cadastrado")) -> CALÇA CINZA OP. C/ FAIXA REFLETIVA TAM: G | E312: =_xlfn.XLOOKUP(B312,ESTOQUE!B:B,ESTOQUE!G:G) -> UND | F312: 60 | H312: =F312*G312 -> 0
A313: 45993 | B313: 118 | C313: =IF(ISBLANK($B313),"",IFERROR(VLOOKUP($B313,ESTOQUE!$B$2:$D$97168,2,FALSE),"Produto não cadastrado")) -> CONSUMO | D313: =IF(ISBLANK($B313),"",IFERROR(VLOOKUP($B313,ESTOQUE!$B$2:$M$997973,3,FALSE),"Produto não cadastrado")) -> MACACÃO DE PROTEÇÃO TYVEK | E313: =_xlfn.XLOOKUP(B313,ESTOQUE!B:B,ESTOQUE!G:G) -> UND | F313: 1205 | H313: =F313*G313 -> 0
A314: 45993 | B314: 47 | C314: =IF(ISBLANK($B314),"",IFERROR(VLOOKUP($B314,ESTOQUE!$B$2:$D$97168,2,FALSE),"Produto não cadastrado")) -> CONSUMO | D314: =IF(ISBLANK($B314),"",IFERROR(VLOOKUP($B314,ESTOQUE!$B$2:$M$997973,3,FALSE),"Produto não cadastrado")) -> CALÇA CINZA OP. C/ FAIXA REFLETIVA TAM: GG | E314: =_xlfn.XLOOKUP(B314,ESTOQUE!B:B,ESTOQUE!G:G) -> UND | F314: 120 | H314: =F314*G314 -> 0
A315: 45993 | B315: 46 | C315: =IF(ISBLANK($B315),"",IFERROR(VLOOKUP($B315,ESTOQUE!$B$2:$D$97168,2,FALSE),"Produto não cadastrado")) -> CONSUMO | D315: =IF(ISBLANK($B315),"",IFERROR(VLOOKUP($B315,ESTOQUE!$B$2:$M$997973,3,FALSE),"Produto não cadastrado")) -> CALÇA CINZA OP. C/ FAIXA REFLETIVA TAM: G | E315: =_xlfn.XLOOKUP(B315,ESTOQUE!B:B,ESTOQUE!G:G) -> UND | F315: 160 | H315: =F315*G315 -> 0
A316: 45993 | B316: 69 | C316: =IF(ISBLANK($B316),"",IFERROR(VLOOKUP($B316,ESTOQUE!$B$2:$D$97168,2,FALSE),"Produto não cadastrado")) -> CONSUMO | D316: =IF(ISBLANK($B316),"",IFERROR(VLOOKUP($B316,ESTOQUE!$B$2:$M$997973,3,FALSE),"Produto não cadastrado")) -> CAMISA LARANJA OP. C/ FAIXA REFLETIVA TAM: M | E316: =_xlfn.XLOOKUP(B316,ESTOQUE!B:B,ESTOQUE!G:G) -> UND | F316: 80 | H316: =F316*G316 -> 0
A317: 45993 | B317: 68 | C317: =IF(ISBLANK($B317),"",IFERROR(VLOOKUP($B317,ESTOQUE!$B$2:$D$97168,2,FALSE),"Produto não cadastrado")) -> CONSUMO | D317: =IF(ISBLANK($B317),"",IFERROR(VLOOKUP($B317,ESTOQUE!$B$2:$M$997973,3,FALSE),"Produto não cadastrado")) -> CAMISA LARANJA OP. C/ FAIXA REFLETIVA TAM: GG | E317: =_xlfn.XLOOKUP(B317,ESTOQUE!B:B,ESTOQUE!G:G) -> UND | F317: 160 | H317: =F317*G317 -> 0
A318: 45993 | B318: 54 | C318: =IF(ISBLANK($B318),"",IFERROR(VLOOKUP($B318,ESTOQUE!$B$2:$D$97168,2,FALSE),"Produto não cadastrado")) -> CONSUMO | D318: =IF(ISBLANK($B318),"",IFERROR(VLOOKUP($B318,ESTOQUE!$B$2:$M$997973,3,FALSE),"Produto não cadastrado")) -> CALÇA DE ELETRICISTA NR.10 TAM: G | E318: =_xlfn.XLOOKUP(B318,ESTOQUE!B:B,ESTOQUE!G:G) -> UND | F318: 15 | H318: =F318*G318 -> 0
A319: 45993 | B319: 53 | C319: =IF(ISBLANK($B319),"",IFERROR(VLOOKUP($B319,ESTOQUE!$B$2:$D$97168,2,FALSE),"Produto não cadastrado")) -> CONSUMO | D319: =IF(ISBLANK($B319),"",IFERROR(VLOOKUP($B319,ESTOQUE!$B$2:$M$997973,3,FALSE),"Produto não cadastrado")) -> CALÇA DE ELETRICISTA NR.10 TAM: P | E319: =_xlfn.XLOOKUP(B319,ESTOQUE!B:B,ESTOQUE!G:G) -> UND | F319: 15 | H319: =F319*G319 -> 0
A320: 45993 | B320: 65 | C320: =IF(ISBLANK($B320),"",IFERROR(VLOOKUP($B320,ESTOQUE!$B$2:$D$97168,2,FALSE),"Produto não cadastrado")) -> CONSUMO | D320: =IF(ISBLANK($B320),"",IFERROR(VLOOKUP($B320,ESTOQUE!$B$2:$M$997973,3,FALSE),"Produto não cadastrado")) -> CAMISA DE ELETRICISTA NR.10 TAM: P | E320: =_xlfn.XLOOKUP(B320,ESTOQUE!B:B,ESTOQUE!G:G) -> UND | F320: 15 | H320: =F320*G320 -> 0
... A445: 46043 | B445: 264 | C445: =IF(ISBLANK($B445),"",IFERROR(VLOOKUP($B445,ESTOQUE!$B$2:$D$97168,2,FALSE),"Produto não cadastrado")) -> CONSUMO | D445: =IF(ISBLANK($B445),"",IFERROR(VLOOKUP($B445,ESTOQUE!$B$2:$M$997973,3,FALSE),"Produto não cadastrado")) -> CINTO DE SEGURANÇA ARAMIDA | E445: =_xlfn.XLOOKUP(B445,ESTOQUE!B:B,ESTOQUE!G:G) -> UND | F445: 7 | H445: =F445*G445 -> 0
A446: 46043 | B446: 1 | C446: CONSUMO | D446: =IF(ISBLANK($B446),"",IFERROR(VLOOKUP($B446,ESTOQUE!$B$2:$M$997973,3,FALSE),"Produto não cadastrado")) -> ABAFADOR DE RUIDOS TIPO CONCHA | E446: =_xlfn.XLOOKUP(B446,ESTOQUE!B:B,ESTOQUE!G:G) -> UND | F446: 32 | H446: =F446*G446 -> 0
...

Sheet ESTOQUE
B1: COD | C1: GRUPO | D1: DESCRIÇÃO DO ITEM | E1: CA | F1: VALIDADE CA | G1: UNID | H1: EST.MIN | I1: EST.MAX | J1: EST. ATUAL | K1: COMPRA | L1: OBSERVAÇÃO | N1: DESCRIÇÃO | O1: ENTRADA | P1: SAÍDA | Q1: SALDO | R1: STATUS | S1: VALOR UNIT. | T1: VALOR TOTAL DO ESTOQUE | U1: VALOR TOTAL DA SAÍDA
B2: 1 | C2: CONSUMO | D2: ABAFADOR DE RUIDOS TIPO CONCHA | E2: 10468 | F2: 09/08/2027 | G2: UND | H2: 80 | I2: 300 | J2: =Q2 -> 25 | K2: =I2-J2 -> 275 | L2: =IF(J2<H2,"ESTOQUE BAIXO",IF(J2>I2,"ESTOQUE ALTO",IF(J2>=H2,"ESTOQUE NORMAL",))) -> ESTOQUE BAIXO | M2: 1 | N2: =D2 -> ABAFADOR DE RUIDOS TIPO CONCHA | O2: =SUMIFS(ENTRADA!$F:$F,ENTRADA!$B:$B,ESTOQUE!$B2) -> 47 | P2: =SUMIFS(SAIDA!$F:$F,SAIDA!$B:$B,ESTOQUE!$B2) -> 22 | Q2: =O2-P2 -> 25 | R2: =Q2=#REF! -> #REF! | S2: =IFERROR(SUMIFS(ENTRADA!$H:$H,ENTRADA!$B:$B,ESTOQUE!$B2)/O2,0) -> 0 | T2: =Q2*S2 -> 0 | U2: =P2*S2 -> 0
B3: 158 | C3: CONSUMO | D3: AVENTAL DE PVC | E3: 47042 | F3: 46373 | G3: UND | H3: 100 | I3: 300 | J3: =Q3 -> 0 | K3: =I3-J3 -> 300 | L3: =IF(J3<H3,"ESTOQUE BAIXO",IF(J3>I3,"ESTOQUE ALTO",IF(J3>=H3,"ESTOQUE NORMAL",))) -> ESTOQUE BAIXO | M3: 3 | N3: =D3 -> AVENTAL DE PVC | O3: =SUMIFS(ENTRADA!$F:$F,ENTRADA!$B:$B,ESTOQUE!$B3) -> 0 | P3: =SUMIFS(SAIDA!$F:$F,SAIDA!$B:$B,ESTOQUE!$B3) -> 0 | Q3: =O3-P3 -> 0 | R3: =Q3=#REF! -> #REF! | S3: =IFERROR(SUMIFS(ENTRADA!$H:$H,ENTRADA!$B:$B,ESTOQUE!$B3)/O3,0) -> 0 | T3: =Q3*S3 -> 0 | U3: =P3*S3 -> 0
B4: 190 | C4: CONSUMO | D4: AVENTAL DE RASPA TAM 120X60 | E4: N/A | F4: N/A | G4: UND | H4: 50 | I4: 100 | J4: =Q4 -> 144 | K4: =I4-J4 -> -44 | L4: =IF(J4<H4,"ESTOQUE BAIXO",IF(J4>I4,"ESTOQUE ALTO",IF(J4>=H4,"ESTOQUE NORMAL",))) -> ESTOQUE ALTO | N4: =D4 -> AVENTAL DE RASPA TAM 120X60 | O4: =SUMIFS(ENTRADA!$F:$F,ENTRADA!$B:$B,ESTOQUE!$B4) -> 231 | P4: =SUMIFS(SAIDA!$F:$F,SAIDA!$B:$B,ESTOQUE!$B4) -> 87 | Q4: =O4-P4 -> 144 | R4: =Q4=#REF! -> #REF! | S4: =IFERROR(SUMIFS(ENTRADA!$H:$H,ENTRADA!$B:$B,ESTOQUE!$B4)/O4,0) -> 0 | T4: =Q4*S4 -> 0 | U4: =P4*S4 -> 0
B5: 2 | C5: CONSUMO | D5: AVENTAL DE RASPA TAM 1X60MT | E5: 42248 | F5: 47065 | G5: UND | H5: 60 | I5: 100 | J5: 16 | K5: =I5-J5 -> 84 | L5: =IF(J5<H5,"ESTOQUE BAIXO",IF(J5>I5,"ESTOQUE ALTO",IF(J5>=H5,"ESTOQUE NORMAL",))) -> ESTOQUE BAIXO | M5: 6 | N5: =D5 -> AVENTAL DE RASPA TAM 1X60MT | O5: =SUMIFS(ENTRADA!$F:$F,ENTRADA!$B:$B,ESTOQUE!$B5) -> 20 | P5: =SUMIFS(SAIDA!$F:$F,SAIDA!$B:$B,ESTOQUE!$B5) -> 76 | Q5: =O5-P5 -> -56 | R5: =Q5=#REF! -> #REF! | S5: =IFERROR(SUMIFS(ENTRADA!$H:$H,ENTRADA!$B:$B,ESTOQUE!$B5)/O5,0) -> 49 | T5: =Q5*S5 -> -2744 | U5: =P5*S5 -> 3724
B6: 3 | C6: CONSUMO | D6: AVENTAL IMPERMEAVEL | E6: 33301 | F6: 46944 | G6: UND | H6: 50 | I6: 100 | J6: =Q6 -> 0 | K6: =I6-J6 -> 100 | L6: =IF(J6<H6,"ESTOQUE BAIXO",IF(J6>I6,"ESTOQUE ALTO",IF(J6>=H6,"ESTOQUE NORMAL",))) -> ESTOQUE BAIXO | M6: 7 | N6: =D6 -> AVENTAL IMPERMEAVEL | O6: =SUMIFS(ENTRADA!$F:$F,ENTRADA!$B:$B,ESTOQUE!$B6) -> 0 | P6: =SUMIFS(SAIDA!$F:$F,SAIDA!$B:$B,ESTOQUE!$B6) -> 0 | Q6: =O6-P6 -> 0 | R6: =Q6=#REF! -> #REF! | S6: =IFERROR(SUMIFS(ENTRADA!$H:$H,ENTRADA!$B:$B,ESTOQUE!$B6)/O6,0) -> 0 | T6: =Q6*S6 -> 0 | U6: =P6*S6 -> 0
B7: 228 | C7: CONSUMO | D7: BALACLAVA | E7: N/A | F7: N/A | G7: UND | H7: 1 | I7: 1000 | J7: =Q7 -> 137 | K7: =I7-J7 -> 863 | L7: =IF(J7<H7,"ESTOQUE BAIXO",IF(J7>I7,"ESTOQUE ALTO",IF(J7>H7,"ESTOQUE NORMAL",))) -> ESTOQUE NORMAL | M7: 8 | N7: =D7 -> BALACLAVA | O7: =SUMIFS(ENTRADA!$F:$F,ENTRADA!$B:$B,ESTOQUE!$B7) -> 838 | P7: =SUMIFS(SAIDA!$F:$F,SAIDA!$B:$B,ESTOQUE!$B7) -> 701 | Q7: =O7-P7 -> 137 | R7: =Q7=#REF! -> #REF! | S7: =IFERROR(SUMIFS(ENTRADA!$H:$H,ENTRADA!$B:$B,ESTOQUE!$B7)/O7,0) -> 5.6384248 | T7: =Q7*S7 -> 772.4642 | U7: =P7*S7 -> 3952.5358
B8: 4 | C8: CONSUMO | D8: BLUSÃO DE RASPA MANGA LONGA | E8: 42495 | F8: 45307 | G8: UND | H8: 20 | I8: 50 | J8: =Q8 -> 0 | K8: =I8-J8 -> 50 | L8: =IF(J8<H8,"ESTOQUE BAIXO",IF(J8>I8,"ESTOQUE ALTO",IF(J8>=H8,"ESTOQUE NORMAL",))) -> ESTOQUE BAIXO | N8: =D8 -> BLUSÃO DE RASPA MANGA LONGA | O8: =SUMIFS(ENTRADA!$F:$F,ENTRADA!$B:$B,ESTOQUE!$B8) -> 26 | P8: =SUMIFS(SAIDA!$F:$F,SAIDA!$B:$B,ESTOQUE!$B8) -> 26 | Q8: =O8-P8 -> 0 | R8: =Q8=#REF! -> #REF! | S8: =IFERROR(SUMIFS(ENTRADA!$H:$H,ENTRADA!$B:$B,ESTOQUE!$B8)/O8,0) -> 3.5315385 | T8: =Q8*S8 -> 0 | U8: =P8*S8 -> 91.82
B9: 268 | C9: CONSUMO | D9: BOTA PVC CANO CURTO N 39 | E9: 36025 | F9: 47317 | G9: PAR | H9: 5 | I9: 20 | J9: =Q9 -> 17 | K9: =I9-J9 -> 3 | L9: =IF(J9<H9,"ESTOQUE BAIXO",IF(J9>I9,"ESTOQUE ALTO",IF(J9>H9,"ESTOQUE NORMAL",))) -> ESTOQUE NORMAL | N9: =D9 -> BOTA PVC CANO CURTO N 39 | O9: =SUMIFS(ENTRADA!$F:$F,ENTRADA!$B:$B,ESTOQUE!$B9) -> 19 | P9: =SUMIFS(SAIDA!$F:$F,SAIDA!$B:$B,ESTOQUE!$B9) -> 2 | Q9: =O9-P9 -> 17 | R9: =Q9=#REF! -> #REF! | S9: =IFERROR(SUMIFS(ENTRADA!$H:$H,ENTRADA!$B:$B,ESTOQUE!$B9)/O9,0) -> 0 | T9: =Q9*S9 -> 0 | U9: =P9*S9 -> 0
B10: 171 | C10: CONSUMO | D10: BOTA PVC CANO CURTO Nº 40 | E10: 36025 | F10: 47317 | G10: PAR | H10: 5 | I10: 20 | J10: =Q10 -> 15 | K10: =I10-J10 -> 5 | L10: =IF(J10<H10,"ESTOQUE BAIXO",IF(J10>I10,"ESTOQUE ALTO",IF(J10>=H10,"ESTOQUE NORMAL",))) -> ESTOQUE NORMAL | N10: =D10 -> BOTA PVC CANO CURTO Nº 40 | O10: =SUMIFS(ENTRADA!$F:$F,ENTRADA!$B:$B,ESTOQUE!$B10) -> 27 | P10: =SUMIFS(SAIDA!$F:$F,SAIDA!$B:$B,ESTOQUE!$B10) -> 12 | Q10: =O10-P10 -> 15 | R10: =Q10=#REF! -> #REF! | S10: =IFERROR(SUMIFS(ENTRADA!$H:$H,ENTRADA!$B:$B,ESTOQUE!$B10)/O10,0) -> 0 | T10: =Q10*S10 -> 0 | U10: =P10*S10 -> 0
B11: 172 | C11: CONSUMO | D11: BOTA PVC CANO CURTO Nº 41 | E11: 36025 | F11: 47317 | G11: PAR | H11: 5 | I11: 20 | J11: =Q11 -> 1 | K11: =I11-J11 -> 19 | L11: =IF(J11<H11,"ESTOQUE BAIXO",IF(J11>I11,"ESTOQUE ALTO",IF(J11>=H11,"ESTOQUE NORMAL",))) -> ESTOQUE BAIXO | N11: =D11 -> BOTA PVC CANO CURTO Nº 41 | O11: =SUMIFS(ENTRADA!$F:$F,ENTRADA!$B:$B,ESTOQUE!$B11) -> 9 | P11: =SUMIFS(SAIDA!$F:$F,SAIDA!$B:$B,ESTOQUE!$B11) -> 8 | Q11: =O11-P11 -> 1 | R11: =Q11=#REF! -> #REF! | S11: =IFERROR(SUMIFS(ENTRADA!$H:$H,ENTRADA!$B:$B,ESTOQUE!$B11)/O11,0) -> 0 | T11: =Q11*S11 -> 0 | U11: =P11*S11 -> 0
B12: 173 | C12: CONSUMO | D12: BOTA PVC CANO CURTO Nº 42 | E12: 36025 | F12: 47317 | G12: PAR | H12: 5 | I12: 20 | J12: =Q12 -> 0 | K12: =I12-J12 -> 20 | L12: =IF(J12<H12,"ESTOQUE BAIXO",IF(J12>I12,"ESTOQUE ALTO",IF(J12>=H12,"ESTOQUE NORMAL",))) -> ESTOQUE BAIXO | N12: =D12 -> BOTA PVC CANO CURTO Nº 42 | O12: =SUMIFS(ENTRADA!$F:$F,ENTRADA!$B:$B,ESTOQUE!$B12) -> 10 | P12: =SUMIFS(SAIDA!$F:$F,SAIDA!$B:$B,ESTOQUE!$B12) -> 10 | Q12: =O12-P12 -> 0 | R12: =Q12=#REF! -> #REF! | S12: =IFERROR(SUMIFS(ENTRADA!$H:$H,ENTRADA!$B:$B,ESTOQUE!$B12)/O12,0) -> 0 | T12: =Q12*S12 -> 0 | U12: =P12*S12 -> 0
B13: 174 | C13: CONSUMO | D13: BOTA PVC CANO CURTO Nº 43 | E13: 36025 | F13: 47317 | G13: PAR | H13: 5 | I13: 20 | J13: =Q13 -> 9 | K13: =I13-J13 -> 11 | L13: =IF(J13<H13,"ESTOQUE BAIXO",IF(J13>I13,"ESTOQUE ALTO",IF(J13>=H13,"ESTOQUE NORMAL",))) -> ESTOQUE NORMAL | N13: =D13 -> BOTA PVC CANO CURTO Nº 43 | O13: =SUMIFS(ENTRADA!$F:$F,ENTRADA!$B:$B,ESTOQUE!$B13) -> 19 | P13: =SUMIFS(SAIDA!$F:$F,SAIDA!$B:$B,ESTOQUE!$B13) -> 10 | Q13: =O13-P13 -> 9 | R13: =Q13=#REF! -> #REF! | S13: =IFERROR(SUMIFS(ENTRADA!$H:$H,ENTRADA!$B:$B,ESTOQUE!$B13)/O13,0) -> 0 | T13: =Q13*S13 -> 0 | U13: =P13*S13 -> 0
B14: 5 | C14: CONSUMO | D14: BOTA PVC CANO LONGO Nº 37 | E14: 39184 | F14: 47394 | G14: PAR | H14: 10 | I14: 100 | J14: =Q14 -> 0 | K14: =I14-J14 -> 100 | L14: =IF(J14<H14,"ESTOQUE BAIXO",IF(J14>I14,"ESTOQUE ALTO",IF(J14>=H14,"ESTOQUE NORMAL",))) -> ESTOQUE BAIXO | N14: =D14 -> BOTA PVC CANO LONGO Nº 37 | O14: =SUMIFS(ENTRADA!$F:$F,ENTRADA!$B:$B,ESTOQUE!$B14) -> 0 | P14: =SUMIFS(SAIDA!$F:$F,SAIDA!$B:$B,ESTOQUE!$B14) -> 0 | Q14: =O14-P14 -> 0 | R14: =Q14=#REF! -> #REF! | S14: =IFERROR(SUMIFS(ENTRADA!$H:$H,ENTRADA!$B:$B,ESTOQUE!$B14)/O14,0) -> 0 | T14: =Q14*S14 -> 0 | U14: =P14*S14 -> 0
B15: 6 | C15: CONSUMO | D15: BOTA PVC CANO LONGO Nº 38 | E15: 39184 | F15: 47394 | G15: PAR | H15: 30 | I15: 100 | J15: =Q15 -> 4 | K15: =I15-J15 -> 96 | L15: =IF(J15<H15,"ESTOQUE BAIXO",IF(J15>I15,"ESTOQUE ALTO",IF(J15>=H15,"ESTOQUE NORMAL",))) -> ESTOQUE BAIXO | N15: =D15 -> BOTA PVC CANO LONGO Nº 38 | O15: =SUMIFS(ENTRADA!$F:$F,ENTRADA!$B:$B,ESTOQUE!$B15) -> 11 | P15: =SUMIFS(SAIDA!$F:$F,SAIDA!$B:$B,ESTOQUE!$B15) -> 7 | Q15: =O15-P15 -> 4 | R15: =Q15=#REF! -> #REF! | S15: =IFERROR(SUMIFS(ENTRADA!$H:$H,ENTRADA!$B:$B,ESTOQUE!$B15)/O15,0) -> 0 | T15: =Q15*S15 -> 0 | U15: =P15*S15 -> 0
B16: 7 | C16: CONSUMO | D16: BOTA PVC CANO LONGO Nº 39 | E16: 39184 | F16: 47394 | G16: PAR | H16: 100 | I16: 250 | J16: =Q16 -> 0 | K16: =I16-J16 -> 250 | L16: =IF(J16<H16,"ESTOQUE BAIXO",IF(J16>I16,"ESTOQUE ALTO",IF(J16>=H16,"ESTOQUE NORMAL",))) -> ESTOQUE BAIXO | M16: 10 | N16: =D16 -> BOTA PVC CANO LONGO Nº 39 | O16: =SUMIFS(ENTRADA!$F:$F,ENTRADA!$B:$B,ESTOQUE!$B16) -> 21 | P16: =SUMIFS(SAIDA!$F:$F,SAIDA!$B:$B,ESTOQUE!$B16) -> 21 | Q16: =O16-P16 -> 0 | R16: =Q16=#REF! -> #REF! | S16: =IFERROR(SUMIFS(ENTRADA!$H:$H,ENTRADA!$B:$B,ESTOQUE!$B16)/O16,0) -> 10.72381 | T16: =Q16*S16 -> 0 | U16: =P16*S16 -> 225.2
B17: 8 | C17: CONSUMO | D17: BOTA PVC CANO LONGO Nº 40 | E17: 39184 | F17: 47394 | G17: PAR | H17: 100 | I17: 250 | J17: =Q17 -> 0 | K17: =I17-J17 -> 250 | L17: =IF(J17<H17,"ESTOQUE BAIXO",IF(J17>I17,"ESTOQUE ALTO",IF(J17>=H17,"ESTOQUE NORMAL",))) -> ESTOQUE BAIXO | M17: 11 | N17: =D17 -> BOTA PVC CANO LONGO Nº 40 | O17: =SUMIFS(ENTRADA!$F:$F,ENTRADA!$B:$B,ESTOQUE!$B17) -> 15 | P17: =SUMIFS(SAIDA!$F:$F,SAIDA!$B:$B,ESTOQUE!$B17) -> 15 | Q17: =O17-P17 -> 0 | R17: =Q17=#REF! -> #REF! | S17: =IFERROR(SUMIFS(ENTRADA!$H:$H,ENTRADA!$B:$B,ESTOQUE!$B17)/O17,0) -> 0 | T17: =Q17*S17 -> 0 | U17: =P17*S17 -> 0
B18: 9 | C18: CONSUMO | D18: BOTA PVC CANO LONGO Nº 41 | E18: 39184 | F18: 47394 | G18: PAR | H18: 100 | I18: 250 | J18: =Q18 -> 0 | K18: =I18-J18 -> 250 | L18: =IF(J18<H18,"ESTOQUE BAIXO",IF(J18>I18,"ESTOQUE ALTO",IF(J18>=H18,"ESTOQUE NORMAL",))) -> ESTOQUE BAIXO | M18: 14 | N18: =D18 -> BOTA PVC CANO LONGO Nº 41 | O18: =SUMIFS(ENTRADA!$F:$F,ENTRADA!$B:$B,ESTOQUE!$B18) -> 16 | P18: =SUMIFS(SAIDA!$F:$F,SAIDA!$B:$B,ESTOQUE!$B18) -> 16 | Q18: =O18-P18 -> 0 | R18: =Q18=#REF! -> #REF! | S18: =IFERROR(SUMIFS(ENTRADA!$H:$H,ENTRADA!$B:$B,ESTOQUE!$B18)/O18,0) -> 0 | T18: =Q18*S18 -> 0 | U18: =P18*S18 -> 0
B19: 10 | C19: CONSUMO | D19: BOTA PVC CANO LONGO Nº 42 | E19: 39184 | F19: 47394 | G19: PAR | H19: 100 | I19: 250 | J19: =Q19 -> 0 | K19: =I19-J19 -> 250 | L19: =IF(J19<H19,"ESTOQUE BAIXO",IF(J19>I19,"ESTOQUE ALTO",IF(J19>=H19,"ESTOQUE NORMAL",))) -> ESTOQUE BAIXO | N19: =D19 -> BOTA PVC CANO LONGO Nº 42 | O19: =SUMIFS(ENTRADA!$F:$F,ENTRADA!$B:$B,ESTOQUE!$B19) -> 65 | P19: =SUMIFS(SAIDA!$F:$F,SAIDA!$B:$B,ESTOQUE!$B19) -> 65 | Q19: =O19-P19 -> 0 | R19: =Q19=#REF! -> #REF! | S19: =IFERROR(SUMIFS(ENTRADA!$H:$H,ENTRADA!$B:$B,ESTOQUE!$B19)/O19,0) -> 6.9292308 | T19: =Q19*S19 -> 0 | U19: =P19*S19 -> 450.4
B20: 11 | C20: CONSUMO | D20: BOTA PVC CANO LONGO Nº 43 | E20: 39184 | F20: 47394 | G20: PAR | H20: 100 | I20: 250 | J20: =Q20 -> 0 | K20: =I20-J20 -> 250 | L20: =IF(J20<H20,"ESTOQUE BAIXO",IF(J20>I20,"ESTOQUE ALTO",IF(J20>=H20,"ESTOQUE NORMAL",))) -> ESTOQUE BAIXO | N20: =D20 -> BOTA PVC CANO LONGO Nº 43 | O20: =SUMIFS(ENTRADA!$F:$F,ENTRADA!$B:$B,ESTOQUE!$B20) -> 33 | P20: =SUMIFS(SAIDA!$F:$F,SAIDA!$B:$B,ESTOQUE!$B20) -> 33 | Q20: =O20-P20 -> 0 | R20: =Q20=#REF! -> #REF! | S20: =IFERROR(SUMIFS(ENTRADA!$H:$H,ENTRADA!$B:$B,ESTOQUE!$B20)/O20,0) -> 20.472727 | T20: =Q20*S20 -> 0 | U20: =P20*S20 -> 675.6
B21: 12 | C21: CONSUMO | D21: BOTA PVC CANO LONGO Nº 44 | E21: 39184 | F21: 47394 | G21: PAR | H21: 100 | I21: 250 | J21: =Q21 -> 0 | K21: =I21-J21 -> 250 | L21: =IF(J21<H21,"ESTOQUE BAIXO",IF(J21>I21,"ESTOQUE ALTO",IF(J21>=H21,"ESTOQUE NORMAL",))) -> ESTOQUE BAIXO | N21: =D21 -> BOTA PVC CANO LONGO Nº 44 | O21: =SUMIFS(ENTRADA!$F:$F,ENTRADA!$B:$B,ESTOQUE!$B21) -> 16 | P21: =SUMIFS(SAIDA!$F:$F,SAIDA!$B:$B,ESTOQUE!$B21) -> 16 | Q21: =O21-P21 -> 0 | R21: =Q21=#REF! -> #REF! | S21: =IFERROR(SUMIFS(ENTRADA!$H:$H,ENTRADA!$B:$B,ESTOQUE!$B21)/O21,0) -> 3.51875 | T21: =Q21*S21 -> 0 | U21: =P21*S21 -> 56.3
B22: 13 | C22: CONSUMO | D22: BOTA PVC CANO LONGO Nº 45 | E22: 39184 | F22: 47394 | G22: PAR | H22: 50 | I22: 250 | J22: =Q22 -> 6 | K22: =I22-J22 -> 244 | L22: =IF(J22<H22,"ESTOQUE BAIXO",IF(J22>I22,"ESTOQUE ALTO",IF(J22>=H22,"ESTOQUE NORMAL",))) -> ESTOQUE BAIXO | N22: =D22 -> BOTA PVC CANO LONGO Nº 45 | O22: =SUMIFS(ENTRADA!$F:$F,ENTRADA!$B:$B,ESTOQUE!$B22) -> 26 | P22: =SUMIFS(SAIDA!$F:$F,SAIDA!$B:$B,ESTOQUE!$B22) -> 20 | Q22: =O22-P22 -> 6 | R22: =Q22=#REF! -> #REF! | S22: =IFERROR(SUMIFS(ENTRADA!$H:$H,ENTRADA!$B:$B,ESTOQUE!$B22)/O22,0) -> 21.653846 | T22: =Q22*S22 -> 129.92308 | U22: =P22*S22 -> 433.07692
B23: 14 | C23: CONSUMO | D23: BOTA PVC CANO LONGO Nº 46 | E23: 39184 | F23: 47394 | G23: PAR | H23: 20 | I23: 250 | J23: =Q23 -> 10 | K23: =I23-J23 -> 240 | L23: =IF(J23<H23,"ESTOQUE BAIXO",IF(J23>I23,"ESTOQUE ALTO",IF(J23>=H23,"ESTOQUE NORMAL",))) -> ESTOQUE BAIXO | N23: =D23 -> BOTA PVC CANO LONGO Nº 46 | O23: =SUMIFS(ENTRADA!$F:$F,ENTRADA!$B:$B,ESTOQUE!$B23) -> 13 | P23: =SUMIFS(SAIDA!$F:$F,SAIDA!$B:$B,ESTOQUE!$B23) -> 3 | Q23: =O23-P23 -> 10 | R23: =Q23=#REF! -> #REF! | S23: =IFERROR(SUMIFS(ENTRADA!$H:$H,ENTRADA!$B:$B,ESTOQUE!$B23)/O23,0) -> 4.3307692 | T23: =Q23*S23 -> 43.307692 | U23: =P23*S23 -> 12.992308
B24: 165 | C24: CONSUMO | D24: BOTA PVC CANO LONGO Nº 47 | E24: 39184 | F24: 47394 | G24: PAR | H24: 10 | I24: 250 | J24: =Q24 -> 0 | K24: =I24-J24 -> 250 | L24: =IF(J24<H24,"ESTOQUE BAIXO",IF(J24>I24,"ESTOQUE ALTO",IF(J24>=H24,"ESTOQUE NORMAL",))) -> ESTOQUE BAIXO | N24: =D24 -> BOTA PVC CANO LONGO Nº 47 | O24: =SUMIFS(ENTRADA!$F:$F,ENTRADA!$B:$B,ESTOQUE!$B24) -> 0 | P24: =SUMIFS(SAIDA!$F:$F,SAIDA!$B:$B,ESTOQUE!$B24) -> 0 | Q24: =O24-P24 -> 0 | R24: =Q24=#REF! -> #REF! | S24: =IFERROR(SUMIFS(ENTRADA!$H:$H,ENTRADA!$B:$B,ESTOQUE!$B24)/O24,0) -> 0 | T24: =Q24*S24 -> 0 | U24: =P24*S24 -> 0
B25: 15 | C25: CONSUMO | D25: BOTA PVC CANO LONGO Nº 48 | E25: 39184 | F25: 47394 | G25: PAR | H25: 10 | I25: 250 | J25: =Q25 -> 0 | K25: =I25-J25 -> 250 | L25: =IF(J25<H25,"ESTOQUE BAIXO",IF(J25>I25,"ESTOQUE ALTO",IF(J25>=H25,"ESTOQUE NORMAL",))) -> ESTOQUE BAIXO | N25: =D25 -> BOTA PVC CANO LONGO Nº 48 | O25: =SUMIFS(ENTRADA!$F:$F,ENTRADA!$B:$B,ESTOQUE!$B25) -> 0 | P25: =SUMIFS(SAIDA!$F:$F,SAIDA!$B:$B,ESTOQUE!$B25) -> 0 | Q25: =O25-P25 -> 0 | R25: =Q25=#REF! -> #REF! | S25: =IFERROR(SUMIFS(ENTRADA!$H:$H,ENTRADA!$B:$B,ESTOQUE!$B25)/O25,0) -> 0 | T25: =Q25*S25 -> 0 | U25: =P25*S25 -> 0
B26: 166 | C26: CONSUMO | D26: BOTA PVC CANO MEDIO Nº 34 | E26: 36025 | F26: 47317 | G26: PAR | H26: 10 | I26: 20 | J26: =Q26 -> 0 | K26: =I26-J26 -> 20 | L26: =IF(J26<H26,"ESTOQUE BAIXO",IF(J26>I26,"ESTOQUE ALTO",IF(J26>=H26,"ESTOQUE NORMAL",))) -> ESTOQUE BAIXO | N26: =D26 -> BOTA PVC CANO MEDIO Nº 34 | O26: =SUMIFS(ENTRADA!$F:$F,ENTRADA!$B:$B,ESTOQUE!$B26) -> 0 | P26: =SUMIFS(SAIDA!$F:$F,SAIDA!$B:$B,ESTOQUE!$B26) -> 0 | Q26: =O26-P26 -> 0 | R26: =Q26=#REF! -> #REF! | S26: =IFERROR(SUMIFS(ENTRADA!$H:$H,ENTRADA!$B:$B,ESTOQUE!$B26)/O26,0) -> 0 | T26: =Q26*S26 -> 0 | U26: =P26*S26 -> 0
B27: 167 | C27: CONSUMO | D27: BOTA PVC CANO MEDIO Nº 35 | E27: 36025 | F27: 47317 | G27: PAR | H27: 10 | I27: 20 | J27: =Q27 -> 0 | K27: =I27-J27 -> 20 | L27: =IF(J27<H27,"ESTOQUE BAIXO",IF(J27>I27,"ESTOQUE ALTO",IF(J27>=H27,"ESTOQUE NORMAL",))) -> ESTOQUE BAIXO | M27: 15 | N27: =D27 -> BOTA PVC CANO MEDIO Nº 35 | O27: =SUMIFS(ENTRADA!$F:$F,ENTRADA!$B:$B,ESTOQUE!$B27) -> 0 | P27: =SUMIFS(SAIDA!$F:$F,SAIDA!$B:$B,ESTOQUE!$B27) -> 0 | Q27: =O27-P27 -> 0 | R27: =Q27=#REF! -> #REF! | S27: =IFERROR(SUMIFS(ENTRADA!$H:$H,ENTRADA!$B:$B,ESTOQUE!$B27)/O27,0) -> 0 | T27: =Q27*S27 -> 0 | U27: =P27*S27 -> 0
B28: 168 | C28: CONSUMO | D28: BOTA PVC CANO MEDIO Nº 36 | E28: 36025 | F28: 47317 | G28: PAR | H28: 10 | I28: 20 | J28: =Q28 -> 0 | K28: =I28-J28 -> 20 | L28: =IF(J28<H28,"ESTOQUE BAIXO",IF(J28>I28,"ESTOQUE ALTO",IF(J28>=H28,"ESTOQUE NORMAL",))) -> ESTOQUE BAIXO | M28: 16 | N28: =D28 -> BOTA PVC CANO MEDIO Nº 36 | O28: =SUMIFS(ENTRADA!$F:$F,ENTRADA!$B:$B,ESTOQUE!$B28) -> 6 | P28: =SUMIFS(SAIDA!$F:$F,SAIDA!$B:$B,ESTOQUE!$B28) -> 6 | Q28: =O28-P28 -> 0 | R28: =Q28=#REF! -> #REF! | S28: =IFERROR(SUMIFS(ENTRADA!$H:$H,ENTRADA!$B:$B,ESTOQUE!$B28)/O28,0) -> 0 | T28: =Q28*S28 -> 0 | U28: =P28*S28 -> 0
B29: 16 | C29: CONSUMO | D29: BOTA PVC CANO MEDIO Nº 37 | E29: 36025 | F29: 47317 | G29: PAR | H29: 10 | I29: 20 | J29: =Q29 -> 0 | K29: =I29-J29 -> 20 | L29: =IF(J29<H29,"ESTOQUE BAIXO",IF(J29>I29,"ESTOQUE ALTO",IF(J29>=H29,"ESTOQUE NORMAL",))) -> ESTOQUE BAIXO | M29: 17 | N29: =D29 -> BOTA PVC CANO MEDIO Nº 37 | O29: =SUMIFS(ENTRADA!$F:$F,ENTRADA!$B:$B,ESTOQUE!$B29) -> 5 | P29: =SUMIFS(SAIDA!$F:$F,SAIDA!$B:$B,ESTOQUE!$B29) -> 5 | Q29: =O29-P29 -> 0 | R29: =Q29=#REF! -> #REF! | S29: =IFERROR(SUMIFS(ENTRADA!$H:$H,ENTRADA!$B:$B,ESTOQUE!$B29)/O29,0) -> 34.9 | T29: =Q29*S29 -> 0 | U29: =P29*S29 -> 174.5
B30: 17 | C30: CONSUMO | D30: BOTA PVC CANO MEDIO Nº 38 | E30: 36025 | F30: 47317 | G30: PAR | H30: 20 | I30: 20 | J30: =Q30 -> 0 | K30: =I30-J30 -> 20 | L30: =IF(J30<H30,"ESTOQUE BAIXO",IF(J30>I30,"ESTOQUE ALTO",IF(J30>=H30,"ESTOQUE NORMAL",))) -> ESTOQUE BAIXO | M30: 20 | N30: =D30 -> BOTA PVC CANO MEDIO Nº 38 | O30: =SUMIFS(ENTRADA!$F:$F,ENTRADA!$B:$B,ESTOQUE!$B30) -> 3 | P30: =SUMIFS(SAIDA!$F:$F,SAIDA!$B:$B,ESTOQUE!$B30) -> 3 | Q30: =O30-P30 -> 0 | R30: =Q30=#REF! -> #REF! | S30: =IFERROR(SUMIFS(ENTRADA!$H:$H,ENTRADA!$B:$B,ESTOQUE!$B30)/O30,0) -> 23.266667 | T30: =Q30*S30 -> 0 | U30: =P30*S30 -> 69.8
B31: 18 | C31: CONSUMO | D31: BOTA PVC CANO MEDIO Nº 39 | E31: 36025 | F31: 47317 | G31: PAR | H31: 20 | I31: 20 | J31: =Q31 -> 0 | K31: =I31-J31 -> 20 | L31: =IF(J31<H31,"ESTOQUE BAIXO",IF(J31>I31,"ESTOQUE ALTO",IF(J31>=H31,"ESTOQUE NORMAL",))) -> ESTOQUE BAIXO | M31: 21 | N31: =D31 -> BOTA PVC CANO MEDIO Nº 39 | O31: =SUMIFS(ENTRADA!$F:$F,ENTRADA!$B:$B,ESTOQUE!$B31) -> 1 | P31: =SUMIFS(SAIDA!$F:$F,SAIDA!$B:$B,ESTOQUE!$B31) -> 1 | Q31: =O31-P31 -> 0 | R31: =Q31=#REF! -> #REF! | S31: =IFERROR(SUMIFS(ENTRADA!$H:$H,ENTRADA!$B:$B,ESTOQUE!$B31)/O31,0) -> 0 | T31: =Q31*S31 -> 0 | U31: =P31*S31 -> 0
B32: 19 | C32: CONSUMO | D32: BOTA PVC CANO MEDIO Nº 40 | E32: 36025 | F32: 47317 | G32: PAR | H32: 20 | I32: 20 | J32: 0 | K32: =I32-J32 -> 20 | L32: =IF(J32<H32,"ESTOQUE BAIXO",IF(J32>I32,"ESTOQUE ALTO",IF(J32>=H32,"ESTOQUE NORMAL",))) -> ESTOQUE BAIXO | N32: =D32 -> BOTA PVC CANO MEDIO Nº 40 | O32: =SUMIFS(ENTRADA!$F:$F,ENTRADA!$B:$B,ESTOQUE!$B32) -> 26 | P32: =SUMIFS(SAIDA!$F:$F,SAIDA!$B:$B,ESTOQUE!$B32) -> 27 | Q32: =O32-P32 -> -1 | R32: =Q32=#REF! -> #REF! | S32: =IFERROR(SUMIFS(ENTRADA!$H:$H,ENTRADA!$B:$B,ESTOQUE!$B32)/O32,0) -> 8.0538462 | T32: =Q32*S32 -> -8.0538462 | U32: =P32*S32 -> 217.45385
B33: 20 | C33: CONSUMO | D33: BOTA PVC CANO MEDIO Nº 41 | E33: 36025 | F33: 47317 | G33: PAR | H33: 20 | I33: 20 | J33: =Q33 -> 14 | K33: =I33-J33 -> 6 | L33: =IF(J33<H33,"ESTOQUE BAIXO",IF(J33>I33,"ESTOQUE ALTO",IF(J33>=H33,"ESTOQUE NORMAL",))) -> ESTOQUE BAIXO | N33: =D33 -> BOTA PVC CANO MEDIO Nº 41 | O33: =SUMIFS(ENTRADA!$F:$F,ENTRADA!$B:$B,ESTOQUE!$B33) -> 27 | P33: =SUMIFS(SAIDA!$F:$F,SAIDA!$B:$B,ESTOQUE!$B33) -> 13 | Q33: =O33-P33 -> 14 | R33: =Q33=#REF! -> #REF! | S33: =IFERROR(SUMIFS(ENTRADA!$H:$H,ENTRADA!$B:$B,ESTOQUE!$B33)/O33,0) -> 18.096296 | T33: =Q33*S33 -> 253.34815 | U33: =P33*S33 -> 235.25185
A34: 0 | B34: 21 | C34: CONSUMO | D34: BOTA PVC CANO MEDIO Nº 42 | E34: 36025 | F34: 47317 | G34: PAR | H34: 20 | I34: 20 | J34: =Q34 -> 15 | K34: =I34-J34 -> 5 | L34: =IF(J34<H34,"ESTOQUE BAIXO",IF(J34>I34,"ESTOQUE ALTO",IF(J34>=H34,"ESTOQUE NORMAL",))) -> ESTOQUE BAIXO | N34: =D34 -> BOTA PVC CANO MEDIO Nº 42 | O34: =SUMIFS(ENTRADA!$F:$F,ENTRADA!$B:$B,ESTOQUE!$B34) -> 26 | P34: =SUMIFS(SAIDA!$F:$F,SAIDA!$B:$B,ESTOQUE!$B34) -> 11 | Q34: =O34-P34 -> 15 | R34: =Q34=#REF! -> #REF! | S34: =IFERROR(SUMIFS(ENTRADA!$H:$H,ENTRADA!$B:$B,ESTOQUE!$B34)/O34,0) -> 0 | T34: =Q34*S34 -> 0 | U34: =P34*S34 -> 0
B35: 22 | C35: CONSUMO | D35: BOTA PVC CANO MEDIO Nº 43 | E35: 36025 | F35: 47317 | G35: PAR | H35: 20 | I35: 20 | J35: =Q35 -> 0 | K35: =I35-J35 -> 20 | L35: =IF(J35<H35,"ESTOQUE BAIXO",IF(J35>I35,"ESTOQUE ALTO",IF(J35>=H35,"ESTOQUE NORMAL",))) -> ESTOQUE BAIXO | M35: 22 | N35: =D35 -> BOTA PVC CANO MEDIO Nº 43 | O35: =SUMIFS(ENTRADA!$F:$F,ENTRADA!$B:$B,ESTOQUE!$B35) -> 0 | P35: =SUMIFS(SAIDA!$F:$F,SAIDA!$B:$B,ESTOQUE!$B35) -> 0 | Q35: =O35-P35 -> 0 | R35: =Q35=#REF! -> #REF! | S35: =IFERROR(SUMIFS(ENTRADA!$H:$H,ENTRADA!$B:$B,ESTOQUE!$B35)/O35,0) -> 0 | T35: =Q35*S35 -> 0 | U35: =P35*S35 -> 0
B36: 23 | C36: CONSUMO | D36: BOTA PVC CANO MEDIO Nº 44 | E36: 36025 | F36: 47317 | G36: PAR | H36: 20 | I36: 20 | J36: =Q36 -> 0 | K36: =I36-J36 -> 20 | L36: =IF(J36<H36,"ESTOQUE BAIXO",IF(J36>I36,"ESTOQUE ALTO",IF(J36>=H36,"ESTOQUE NORMAL",))) -> ESTOQUE BAIXO | M36: 23 | N36: =D36 -> BOTA PVC CANO MEDIO Nº 44 | O36: =SUMIFS(ENTRADA!$F:$F,ENTRADA!$B:$B,ESTOQUE!$B36) -> 0 | P36: =SUMIFS(SAIDA!$F:$F,SAIDA!$B:$B,ESTOQUE!$B36) -> 0 | Q36: =O36-P36 -> 0 | R36: =Q36=#REF! -> #REF! | S36: =IFERROR(SUMIFS(ENTRADA!$H:$H,ENTRADA!$B:$B,ESTOQUE!$B36)/O36,0) -> 0 | T36: =Q36*S36 -> 0 | U36: =P36*S36 -> 0
B37: 24 | C37: CONSUMO | D37: BOTA PVC CANO MEDIO Nº 45 | E37: 36025 | F37: 47317 | G37: PAR | H37: 20 | I37: 20 | J37: =Q37 -> 0 | K37: =I37-J37 -> 20 | L37: =IF(J37<H37,"ESTOQUE BAIXO",IF(J37>I37,"ESTOQUE ALTO",IF(J37>=H37,"ESTOQUE NORMAL",))) -> ESTOQUE BAIXO | N37: =D37 -> BOTA PVC CANO MEDIO Nº 45 | O37: =SUMIFS(ENTRADA!$F:$F,ENTRADA!$B:$B,ESTOQUE!$B37) -> 0 | P37: =SUMIFS(SAIDA!$F:$F,SAIDA!$B:$B,ESTOQUE!$B37) -> 0 | Q37: =O37-P37 -> 0 | R37: =Q37=#REF! -> #REF! | S37: =IFERROR(SUMIFS(ENTRADA!$H:$H,ENTRADA!$B:$B,ESTOQUE!$B37)/O37,0) -> 0 | T37: =Q37*S37 -> 0 | U37: =P37*S37 -> 0
B38: 25 | C38: CONSUMO | D38: BOTA PVC CANO MEDIO Nº 46 | E38: 36025 | F38: 47317 | G38: PAR | H38: 20 | I38: 20 | J38: =Q38 -> 0 | K38: =I38-J38 -> 20 | L38: =IF(J38<H38,"ESTOQUE BAIXO",IF(J38>I38,"ESTOQUE ALTO",IF(J38>=H38,"ESTOQUE NORMAL",))) -> ESTOQUE BAIXO | M38: 24 | N38: =D38 -> BOTA PVC CANO MEDIO Nº 46 | O38: =SUMIFS(ENTRADA!$F:$F,ENTRADA!$B:$B,ESTOQUE!$B38) -> 0 | P38: =SUMIFS(SAIDA!$F:$F,SAIDA!$B:$B,ESTOQUE!$B38) -> 0 | Q38: =O38-P38 -> 0 | R38: =Q38=#REF! -> #REF! | S38: =IFERROR(SUMIFS(ENTRADA!$H:$H,ENTRADA!$B:$B,ESTOQUE!$B38)/O38,0) -> 0 | T38: =Q38*S38 -> 0 | U38: =P38*S38 -> 0
B39: 151 | C39: CONSUMO | D39: BOTINA BICO PVC Nº 39 NOBUCK | E39: N/A | F39: N/A | G39: PAR | H39: 5 | I39: 10 | J39: =Q39 -> 0 | K39: =I39-J39 -> 10 | L39: =IF(J39<H39,"ESTOQUE BAIXO",IF(J39>I39,"ESTOQUE ALTO",IF(J39>=H39,"ESTOQUE NORMAL",))) -> ESTOQUE BAIXO | M39: 25 | N39: =D39 -> BOTINA BICO PVC Nº 39 NOBUCK | O39: =SUMIFS(ENTRADA!$F:$F,ENTRADA!$B:$B,ESTOQUE!$B39) -> 11 | P39: =SUMIFS(SAIDA!$F:$F,SAIDA!$B:$B,ESTOQUE!$B39) -> 11 | Q39: =O39-P39 -> 0 | R39: =Q39=#REF! -> #REF! | S39: =IFERROR(SUMIFS(ENTRADA!$H:$H,ENTRADA!$B:$B,ESTOQUE!$B39)/O39,0) -> 0 | T39: =Q39*S39 -> 0 | U39: =P39*S39 -> 0
B40: 152 | C40: CONSUMO | D40: BOTINA BICO PVC Nº 41 NOBUCK | E40: N/A | F40: N/A | G40: PAR | H40: 5 | I40: 10 | J40: =Q40 -> 0 | K40: =I40-J40 -> 10 | L40: =IF(J40<H40,"ESTOQUE BAIXO",IF(J40>I40,"ESTOQUE ALTO",IF(J40>=H40,"ESTOQUE NORMAL",))) -> ESTOQUE BAIXO | M40: 72 | N40: =D40 -> BOTINA BICO PVC Nº 41 NOBUCK | O40: =SUMIFS(ENTRADA!$F:$F,ENTRADA!$B:$B,ESTOQUE!$B40) -> 0 | P40: =SUMIFS(SAIDA!$F:$F,SAIDA!$B:$B,ESTOQUE!$B40) -> 0 | Q40: =O40-P40 -> 0 | R40: =Q40=#REF! -> #REF! | S40: =IFERROR(SUMIFS(ENTRADA!$H:$H,ENTRADA!$B:$B,ESTOQUE!$B40)/O40,0) -> 0 | T40: =Q40*S40 -> 0 | U40: =P40*S40 -> 0
B41: 153 | C41: CONSUMO | D41: BOTINA BICO PVC Nº 42 NOBUCK | E41: N/A | F41: N/A | G41: PAR | H41: 5 | I41: 10 | J41: =Q41 -> 0 | K41: =I41-J41 -> 10 | L41: =IF(J41<H41,"ESTOQUE BAIXO",IF(J41>I41,"ESTOQUE ALTO",IF(J41>=H41,"ESTOQUE NORMAL",))) -> ESTOQUE BAIXO | M41: 73 | N41: =D41 -> BOTINA BICO PVC Nº 42 NOBUCK | O41: =SUMIFS(ENTRADA!$F:$F,ENTRADA!$B:$B,ESTOQUE!$B41) -> 0 | P41: =SUMIFS(SAIDA!$F:$F,SAIDA!$B:$B,ESTOQUE!$B41) -> 0 | Q41: =O41-P41 -> 0 | R41: =Q41=#REF! -> #REF! | S41: =IFERROR(SUMIFS(ENTRADA!$H:$H,ENTRADA!$B:$B,ESTOQUE!$B41)/O41,0) -> 0 | T41: =Q41*S41 -> 0 | U41: =P41*S41 -> 0
B42: 154 | C42: CONSUMO | D42: BOTINA BICO PVC Nº 45 NOBUCK | E42: N/A | F42: N/A | G42: PAR | H42: 5 | I42: 10 | J42: =Q42 -> 0 | K42: =I42-J42 -> 10 | L42: =IF(J42<H42,"ESTOQUE BAIXO",IF(J42>I42,"ESTOQUE ALTO",IF(J42>=H42,"ESTOQUE NORMAL",))) -> ESTOQUE BAIXO | M42: 74 | N42: =D42 -> BOTINA BICO PVC Nº 45 NOBUCK | O42: =SUMIFS(ENTRADA!$F:$F,ENTRADA!$B:$B,ESTOQUE!$B42) -> 0 | P42: =SUMIFS(SAIDA!$F:$F,SAIDA!$B:$B,ESTOQUE!$B42) -> 0 | Q42: =O42-P42 -> 0 | R42: =Q42=#REF! -> #REF! | S42: =IFERROR(SUMIFS(ENTRADA!$H:$H,ENTRADA!$B:$B,ESTOQUE!$B42)/O42,0) -> 0 | T42: =Q42*S42 -> 0 | U42: =P42*S42 -> 0
B43: 26 | C43: CONSUMO | D43: BOTINA DE ELETRICISTA Nº 36 | E43: 38753 | F43: 46239 | G43: PAR | H43: 5 | I43: 10 | J43: =Q43 -> 0 | K43: =I43-J43 -> 10 | L43: =IF(J43<H43,"ESTOQUE BAIXO",IF(J43>I43,"ESTOQUE ALTO",IF(J43>=H43,"ESTOQUE NORMAL",))) -> ESTOQUE BAIXO | M43: 75 | N43: =D43 -> BOTINA DE ELETRICISTA Nº 36 | O43: =SUMIFS(ENTRADA!$F:$F,ENTRADA!$B:$B,ESTOQUE!$B43) -> 10 | P43: =SUMIFS(SAIDA!$F:$F,SAIDA!$B:$B,ESTOQUE!$B43) -> 10 | Q43: =O43-P43 -> 0 | R43: =Q43=#REF! -> #REF! | S43: =IFERROR(SUMIFS(ENTRADA!$H:$H,ENTRADA!$B:$B,ESTOQUE!$B43)/O43,0) -> 0 | T43: =Q43*S43 -> 0 | U43: =P43*S43 -> 0
B44: 27 | C44: CONSUMO | D44: BOTINA DE ELETRICISTA Nº 37 | E44: 38753 | F44: 46239 | G44: PAR | H44: 5 | I44: 25 | J44: =Q44 -> 0 | K44: =I44-J44 -> 25 | L44: =IF(J44<H44,"ESTOQUE BAIXO",IF(J44>I44,"ESTOQUE ALTO",IF(J44>=H44,"ESTOQUE NORMAL",))) -> ESTOQUE BAIXO | M44: 76 | N44: =D44 -> BOTINA DE ELETRICISTA Nº 37 | O44: =SUMIFS(ENTRADA!$F:$F,ENTRADA!$B:$B,ESTOQUE!$B44) -> 11 | P44: =SUMIFS(SAIDA!$F:$F,SAIDA!$B:$B,ESTOQUE!$B44) -> 11 | Q44: =O44-P44 -> 0 | R44: =Q44=#REF! -> #REF! | S44: =IFERROR(SUMIFS(ENTRADA!$H:$H,ENTRADA!$B:$B,ESTOQUE!$B44)/O44,0) -> 0 | T44: =Q44*S44 -> 0 | U44: =P44*S44 -> 0
B45: 28 | C45: CONSUMO | D45: BOTINA DE ELETRICISTA Nº 38 | E45: 38753 | F45: 46239 | G45: PAR | H45: 5 | I45: 25 | J45: =Q45 -> 0 | K45: =I45-J45 -> 25 | L45: =IF(J45<H45,"ESTOQUE BAIXO",IF(J45>I45,"ESTOQUE ALTO",IF(J45>=H45,"ESTOQUE NORMAL",))) -> ESTOQUE BAIXO | N45: =D45 -> BOTINA DE ELETRICISTA Nº 38 | O45: =SUMIFS(ENTRADA!$F:$F,ENTRADA!$B:$B,ESTOQUE!$B45) -> 25 | P45: =SUMIFS(SAIDA!$F:$F,SAIDA!$B:$B,ESTOQUE!$B45) -> 25 | Q45: =O45-P45 -> 0 | R45: =Q45=#REF! -> #REF! | S45: =IFERROR(SUMIFS(ENTRADA!$H:$H,ENTRADA!$B:$B,ESTOQUE!$B45)/O45,0) -> 0 | T45: =Q45*S45 -> 0 | U45: =P45*S45 -> 0
B46: 29 | C46: CONSUMO | D46: BOTINA DE ELETRICISTA Nº 39 | E46: 38753 | F46: 46239 | G46: PAR | H46: 10 | I46: 15 | J46: =Q46 -> 0 | K46: =I46-J46 -> 15 | L46: =IF(J46<H46,"ESTOQUE BAIXO",IF(J46>I46,"ESTOQUE ALTO",IF(J46>=H46,"ESTOQUE NORMAL",))) -> ESTOQUE BAIXO | M46: 77 | N46: =D46 -> BOTINA DE ELETRICISTA Nº 39 | O46: =SUMIFS(ENTRADA!$F:$F,ENTRADA!$B:$B,ESTOQUE!$B46) -> 21 | P46: =SUMIFS(SAIDA!$F:$F,SAIDA!$B:$B,ESTOQUE!$B46) -> 21 | Q46: =O46-P46 -> 0 | R46: =Q46=#REF! -> #REF! | S46: =IFERROR(SUMIFS(ENTRADA!$H:$H,ENTRADA!$B:$B,ESTOQUE!$B46)/O46,0) -> 0 | T46: =Q46*S46 -> 0 | U46: =P46*S46 -> 0
B47: 30 | C47: CONSUMO | D47: BOTINA DE ELETRICISTA Nº 40 | E47: 38753 | F47: 46239 | G47: PAR | H47: 10 | I47: 15 | J47: =Q47 -> 0 | K47: =I47-J47 -> 15 | L47: =IF(J47<H47,"ESTOQUE BAIXO",IF(J47>I47,"ESTOQUE ALTO",IF(J47>=H47,"ESTOQUE NORMAL",))) -> ESTOQUE BAIXO | M47: 78 | N47: =D47 -> BOTINA DE ELETRICISTA Nº 40 | O47: =SUMIFS(ENTRADA!$F:$F,ENTRADA!$B:$B,ESTOQUE!$B47) -> 20 | P47: =SUMIFS(SAIDA!$F:$F,SAIDA!$B:$B,ESTOQUE!$B47) -> 20 | Q47: =O47-P47 -> 0 | R47: =Q47=#REF! -> #REF! | S47: =IFERROR(SUMIFS(ENTRADA!$H:$H,ENTRADA!$B:$B,ESTOQUE!$B47)/O47,0) -> 0 | T47: =Q47*S47 -> 0 | U47: =P47*S47 -> 0
A48: 2 | B48: 31 | C48: CONSUMO | D48: BOTINA DE ELETRICISTA Nº 41 | E48: 38753 | F48: 46239 | G48: PAR | H48: 10 | I48: 15 | J48: =Q48 -> 0 | K48: =I48-J48 -> 15 | L48: =IF(J48<H48,"ESTOQUE BAIXO",IF(J48>I48,"ESTOQUE ALTO",IF(J48>=H48,"ESTOQUE NORMAL",))) -> ESTOQUE BAIXO | M48: 79 | N48: =D48 -> BOTINA DE ELETRICISTA Nº 41 | O48: =SUMIFS(ENTRADA!$F:$F,ENTRADA!$B:$B,ESTOQUE!$B48) -> 20 | P48: =SUMIFS(SAIDA!$F:$F,SAIDA!$B:$B,ESTOQUE!$B48) -> 20 | Q48: =O48-P48 -> 0 | R48: =Q48=#REF! -> #REF! | S48: =IFERROR(SUMIFS(ENTRADA!$H:$H,ENTRADA!$B:$B,ESTOQUE!$B48)/O48,0) -> 0 | T48: =Q48*S48 -> 0 | U48: =P48*S48 -> 0
B49: 162 | C49: CONSUMO | D49: BOTINA DE ELETRICISTA Nº 42 | E49: 38753 | F49: 46239 | G49: PAR | H49: 10 | I49: 15 | J49: =Q49 -> 0 | K49: =I49-J49 -> 15 | L49: =IF(J49<H49,"ESTOQUE BAIXO",IF(J49>I49,"ESTOQUE ALTO",IF(J49>=H49,"ESTOQUE NORMAL",))) -> ESTOQUE BAIXO | N49: =D49 -> BOTINA DE ELETRICISTA Nº 42 | O49: =SUMIFS(ENTRADA!$F:$F,ENTRADA!$B:$B,ESTOQUE!$B49) -> 21 | P49: =SUMIFS(SAIDA!$F:$F,SAIDA!$B:$B,ESTOQUE!$B49) -> 21 | Q49: =O49-P49 -> 0 | R49: =Q49=#REF! -> #REF! | S49: =IFERROR(SUMIFS(ENTRADA!$H:$H,ENTRADA!$B:$B,ESTOQUE!$B49)/O49,0) -> 0 | T49: =Q49*S49 -> 0 | U49: =P49*S49 -> 0
B50: 163 | C50: CONSUMO | D50: BOTINA DE ELETRICISTA Nº 43 | E50: 38753 | F50: 46239 | G50: PAR | H50: 10 | I50: 15 | J50: =Q50 -> 0 | K50: =I50-J50 -> 15 | L50: =IF(J50<H50,"ESTOQUE BAIXO",IF(J50>I50,"ESTOQUE ALTO",IF(J50>=H50,"ESTOQUE NORMAL",))) -> ESTOQUE BAIXO | N50: =D50 -> BOTINA DE ELETRICISTA Nº 43 | O50: =SUMIFS(ENTRADA!$F:$F,ENTRADA!$B:$B,ESTOQUE!$B50) -> 0 | P50: =SUMIFS(SAIDA!$F:$F,SAIDA!$B:$B,ESTOQUE!$B50) -> 0 | Q50: =O50-P50 -> 0 | R50: =Q50=#REF! -> #REF! | S50: =IFERROR(SUMIFS(ENTRADA!$H:$H,ENTRADA!$B:$B,ESTOQUE!$B50)/O50,0) -> 0 | T50: =Q50*S50 -> 0 | U50: =P50*S50 -> 0
B51: 32 | C51: CONSUMO | D51: BOTINA DE ELETRICISTA Nº 44 | E51: 38753 | F51: 46239 | G51: PAR | H51: 10 | I51: 15 | J51: =Q51 -> 0 | K51: =I51-J51 -> 15 | L51: =IF(J51<H51,"ESTOQUE BAIXO",IF(J51>I51,"ESTOQUE ALTO",IF(J51>=H51,"ESTOQUE NORMAL",))) -> ESTOQUE BAIXO | N51: =D51 -> BOTINA DE ELETRICISTA Nº 44 | O51: =SUMIFS(ENTRADA!$F:$F,ENTRADA!$B:$B,ESTOQUE!$B51) -> 0 | P51: =SUMIFS(SAIDA!$F:$F,SAIDA!$B:$B,ESTOQUE!$B51) -> 0 | Q51: =O51-P51 -> 0 | R51: =Q51=#REF! -> #REF! | S51: =IFERROR(SUMIFS(ENTRADA!$H:$H,ENTRADA!$B:$B,ESTOQUE!$B51)/O51,0) -> 0 | T51: =Q51*S51 -> 0 | U51: =P51*S51 -> 0
B52: 164 | C52: CONSUMO | D52: BOTINA DE ELETRICISTA Nº 45 | E52: 38753 | F52: 46239 | G52: PAR | H52: 10 | I52: 15 | J52: =Q52 -> 0 | K52: =I52-J52 -> 15 | L52: =IF(J52<H52,"ESTOQUE BAIXO",IF(J52>I52,"ESTOQUE ALTO",IF(J52>=H52,"ESTOQUE NORMAL",))) -> ESTOQUE BAIXO | N52: =D52 -> BOTINA DE ELETRICISTA Nº 45 | O52: =SUMIFS(ENTRADA!$F:$F,ENTRADA!$B:$B,ESTOQUE!$B52) -> 0 | P52: =SUMIFS(SAIDA!$F:$F,SAIDA!$B:$B,ESTOQUE!$B52) -> 0 | Q52: =O52-P52 -> 0 | R52: =Q52=#REF! -> #REF! | S52: =IFERROR(SUMIFS(ENTRADA!$H:$H,ENTRADA!$B:$B,ESTOQUE!$B52)/O52,0) -> 0 | T52: =Q52*S52 -> 0 | U52: =P52*S52 -> 0
B53: 33 | C53: CONSUMO | D53: BOTINA OP. BICO PVC Nº 35 | E53: 44080 | F53: 47645 | G53: PAR | H53: 30 | I53: 50 | J53: =Q53 -> 0 | K53: =I53-J53 -> 50 | L53: =IF(J53<H53,"ESTOQUE BAIXO",IF(J53>I53,"ESTOQUE ALTO",IF(J53>=H53,"ESTOQUE NORMAL",))) -> ESTOQUE BAIXO | N53: =D53 -> BOTINA OP. BICO PVC Nº 35 | O53: =SUMIFS(ENTRADA!$F:$F,ENTRADA!$B:$B,ESTOQUE!$B53) -> 0 | P53: =SUMIFS(SAIDA!$F:$F,SAIDA!$B:$B,ESTOQUE!$B53) -> 0 | Q53: =O53-P53 -> 0 | R53: =Q53=#REF! -> #REF! | S53: =IFERROR(SUMIFS(ENTRADA!$H:$H,ENTRADA!$B:$B,ESTOQUE!$B53)/O53,0) -> 0 | T53: =Q53*S53 -> 0 | U53: =P53*S53 -> 0
B54: 34 | C54: CONSUMO | D54: BOTINA OP. BICO PVC Nº 36 | E54: 44080 | F54: 47645 | G54: PAR | H54: 30 | I54: 80 | J54: =Q54 -> 0 | K54: =I54-J54 -> 80 | L54: =IF(J54<H54,"ESTOQUE BAIXO",IF(J54>I54,"ESTOQUE ALTO",IF(J54>=H54,"ESTOQUE NORMAL",))) -> ESTOQUE BAIXO | N54: =D54 -> BOTINA OP. BICO PVC Nº 36 | O54: =SUMIFS(ENTRADA!$F:$F,ENTRADA!$B:$B,ESTOQUE!$B54) -> 7 | P54: =SUMIFS(SAIDA!$F:$F,SAIDA!$B:$B,ESTOQUE!$B54) -> 7 | Q54: =O54-P54 -> 0 | R54: =Q54=#REF! -> #REF! | S54: =IFERROR(SUMIFS(ENTRADA!$H:$H,ENTRADA!$B:$B,ESTOQUE!$B54)/O54,0) -> 44.785714 | T54: =Q54*S54 -> 0 | U54: =P54*S54 -> 313.5
B55: 35 | C55: CONSUMO | D55: BOTINA OP. BICO PVC Nº 37 | E55: 44080 | F55: 47645 | G55: PAR | H55: 50 | I55: 100 | J55: =Q55 -> 13 | K55: =I55-J55 -> 87 | L55: =IF(J55<H55,"ESTOQUE BAIXO",IF(J55>I55,"ESTOQUE ALTO",IF(J55>=H55,"ESTOQUE NORMAL",))) -> ESTOQUE BAIXO | N55: =D55 -> BOTINA OP. BICO PVC Nº 37 | O55: =SUMIFS(ENTRADA!$F:$F,ENTRADA!$B:$B,ESTOQUE!$B55) -> 30 | P55: =SUMIFS(SAIDA!$F:$F,SAIDA!$B:$B,ESTOQUE!$B55) -> 17 | Q55: =O55-P55 -> 13 | R55: =Q55=#REF! -> #REF! | S55: =IFERROR(SUMIFS(ENTRADA!$H:$H,ENTRADA!$B:$B,ESTOQUE!$B55)/O55,0) -> 0 | T55: =Q55*S55 -> 0 | U55: =P55*S55 -> 0
B56: 36 | C56: CONSUMO | D56: BOTINA OP. BICO PVC Nº 38 | E56: 44080 | F56: 47645 | G56: PAR | H56: 100 | I56: 150 | J56: =Q56 -> 11 | K56: =I56-J56 -> 139 | L56: =IF(J56<H56,"ESTOQUE BAIXO",IF(J56>I56,"ESTOQUE ALTO",IF(J56>=H56,"ESTOQUE NORMAL",))) -> ESTOQUE BAIXO | N56: =D56 -> BOTINA OP. BICO PVC Nº 38 | O56: =SUMIFS(ENTRADA!$F:$F,ENTRADA!$B:$B,ESTOQUE!$B56) -> 43 | P56: =SUMIFS(SAIDA!$F:$F,SAIDA!$B:$B,ESTOQUE!$B56) -> 32 | Q56: =O56-P56 -> 11 | R56: =Q56=#REF! -> #REF! | S56: =IFERROR(SUMIFS(ENTRADA!$H:$H,ENTRADA!$B:$B,ESTOQUE!$B56)/O56,0) -> 14.581395 | T56: =Q56*S56 -> 160.39535 | U56: =P56*S56 -> 466.60465
B57: 37 | C57: CONSUMO | D57: BOTINA OP. BICO PVC Nº 39 | E57: 44080 | F57: 47645 | G57: PAR | H57: 100 | I57: 150 | J57: =Q57 -> 9 | K57: =I57-J57 -> 141 | L57: =IF(J57<H57,"ESTOQUE BAIXO",IF(J57>I57,"ESTOQUE ALTO",IF(J57>=H57,"ESTOQUE NORMAL",))) -> ESTOQUE BAIXO | N57: =D57 -> BOTINA OP. BICO PVC Nº 39 | O57: =SUMIFS(ENTRADA!$F:$F,ENTRADA!$B:$B,ESTOQUE!$B57) -> 59 | P57: =SUMIFS(SAIDA!$F:$F,SAIDA!$B:$B,ESTOQUE!$B57) -> 50 | Q57: =O57-P57 -> 9 | R57: =Q57=#REF! -> #REF! | S57: =IFERROR(SUMIFS(ENTRADA!$H:$H,ENTRADA!$B:$B,ESTOQUE!$B57)/O57,0) -> 9.5644068 | T57: =Q57*S57 -> 86.079661 | U57: =P57*S57 -> 478.22034
B58: 38 | C58: CONSUMO | D58: BOTINA OP. BICO PVC Nº 40 | E58: 44080 | F58: 47645 | G58: PAR | H58: 100 | I58: 150 | J58: =Q58 -> 0 | K58: =I58-J58 -> 150 | L58: =IF(J58<H58,"ESTOQUE BAIXO",IF(J58>I58,"ESTOQUE ALTO",IF(J58>=H58,"ESTOQUE NORMAL",))) -> ESTOQUE BAIXO | N58: =D58 -> BOTINA OP. BICO PVC Nº 40 | O58: =SUMIFS(ENTRADA!$F:$F,ENTRADA!$B:$B,ESTOQUE!$B58) -> 52 | P58: =SUMIFS(SAIDA!$F:$F,SAIDA!$B:$B,ESTOQUE!$B58) -> 52 | Q58: =O58-P58 -> 0 | R58: =Q58=#REF! -> #REF! | S58: =IFERROR(SUMIFS(ENTRADA!$H:$H,ENTRADA!$B:$B,ESTOQUE!$B58)/O58,0) -> 38.584615 | T58: =Q58*S58 -> 0 | U58: =P58*S58 -> 2006.4
B59: 39 | C59: CONSUMO | D59: BOTINA OP. BICO PVC Nº 41 | E59: 44080 | F59: 47645 | G59: PAR | H59: 100 | I59: 150 | J59: =Q59 -> 0 | K59: =I59-J59 -> 150 | L59: =IF(J59<H59,"ESTOQUE BAIXO",IF(J59>I59,"ESTOQUE ALTO",IF(J59>=H59,"ESTOQUE NORMAL",))) -> ESTOQUE BAIXO | N59: =D59 -> BOTINA OP. BICO PVC Nº 41 | O59: =SUMIFS(ENTRADA!$F:$F,ENTRADA!$B:$B,ESTOQUE!$B59) -> 47 | P59: =SUMIFS(SAIDA!$F:$F,SAIDA!$B:$B,ESTOQUE!$B59) -> 47 | Q59: =O59-P59 -> 0 | R59: =Q59=#REF! -> #REF! | S59: =IFERROR(SUMIFS(ENTRADA!$H:$H,ENTRADA!$B:$B,ESTOQUE!$B59)/O59,0) -> 28.014894 | T59: =Q59*S59 -> 0 | U59: =P59*S59 -> 1316.7
B60: 40 | C60: CONSUMO | D60: BOTINA OP. BICO PVC Nº 42 | E60: 44080 | F60: 47645 | G60: PAR | H60: 100 | I60: 150 | J60: =Q60 -> 27 | K60: =I60-J60 -> 123 | L60: =IF(J60<H60,"ESTOQUE BAIXO",IF(J60>I60,"ESTOQUE ALTO",IF(J60>=H60,"ESTOQUE NORMAL",))) -> ESTOQUE BAIXO | N60: =D60 -> BOTINA OP. BICO PVC Nº 42 | O60: =SUMIFS(ENTRADA!$F:$F,ENTRADA!$B:$B,ESTOQUE!$B60) -> 76 | P60: =SUMIFS(SAIDA!$F:$F,SAIDA!$B:$B,ESTOQUE!$B60) -> 49 | Q60: =O60-P60 -> 27 | R60: =Q60=#REF! -> #REF! | S60: =IFERROR(SUMIFS(ENTRADA!$H:$H,ENTRADA!$B:$B,ESTOQUE!$B60)/O60,0) -> 12.375 | T60: =Q60*S60 -> 334.125 | U60: =P60*S60 -> 606.375
... B64: 44 | C64: CONSUMO | D64: BOTINA OP. BICO PVC Nº 46 | E64: 44080 | F64: 47645 | G64: PAR | H64: 50 | I64: 100 | J64: =Q64 -> 4 | K64: =I64-J64 -> 96 | L64: =IF(J64<H64,"ESTOQUE BAIXO",IF(J64>I64,"ESTOQUE ALTO",IF(J64>=H64,"ESTOQUE NORMAL",))) -> ESTOQUE BAIXO | N64: =D64 -> BOTINA OP. BICO PVC Nº 46 | O64: =SUMIFS(ENTRADA!$F:$F,ENTRADA!$B:$B,ESTOQUE!$B64) -> 6 | P64: =SUMIFS(SAIDA!$F:$F,SAIDA!$B:$B,ESTOQUE!$B64) -> 2 | Q64: =O64-P64 -> 4 | R64: =Q64=#REF! -> #REF! | S64: =IFERROR(SUMIFS(ENTRADA!$H:$H,ENTRADA!$B:$B,ESTOQUE!$B64)/O64,0) -> 0 | T64: =Q64*S64 -> 0 | U64: =P64*S64 -> 0
B65: 249 | C65: CONSUMO | D65: BOTINA SEGURANÇA MATATARSO 35 ADM | E65: 45608 | F65: 46077 | G65: PAR | H65: 50 | I65: 100 | J65: =Q65 -> 0 | K65: =I65-J65 -> 100 | L65: =IF(J65<H65,"ESTOQUE BAIXO",IF(J65>I65,"ESTOQUE ALTO",IF(J65>H65,"ESTOQUE NORMAL",))) -> ESTOQUE BAIXO | N65: =D65 -> BOTINA SEGURANÇA MATATARSO 35 ADM | O65: =SUMIFS(ENTRADA!$F:$F,ENTRADA!$B:$B,ESTOQUE!$B65) -> 0 | P65: =SUMIFS(SAIDA!$F:$F,SAIDA!$B:$B,ESTOQUE!$B65) -> 0 | Q65: =O65-P65 -> 0 | R65: =Q65=#REF! -> #REF! | S65: =IFERROR(SUMIFS(ENTRADA!$H:$H,ENTRADA!$B:$B,ESTOQUE!$B65)/O65,0) -> 0 | T65: =Q65*S65 -> 0 | U65: =P65*S65 -> 0
B66: 213 | C66: CONSUMO | D66: BOTINA SEGURANÇA MATATARSO 36 | E66: 45574 | F66: 46077 | G66: PAR | H66: 50 | I66: 100 | J66: =Q66 -> 0 | K66: =I66-J66 -> 100 | L66: =IF(J66<H66,"ESTOQUE BAIXO",IF(J66>I66,"ESTOQUE ALTO",IF(J66>H66,"ESTOQUE NORMAL",))) -> ESTOQUE BAIXO | N66: =D66 -> BOTINA SEGURANÇA MATATARSO 36 | O66: =SUMIFS(ENTRADA!$F:$F,ENTRADA!$B:$B,ESTOQUE!$B66) -> 6 | P66: =SUMIFS(SAIDA!$F:$F,SAIDA!$B:$B,ESTOQUE!$B66) -> 6 | Q66: =O66-P66 -> 0 | R66: =Q66=#REF! -> #REF! | S66: =IFERROR(SUMIFS(ENTRADA!$H:$H,ENTRADA!$B:$B,ESTOQUE!$B66)/O66,0) -> 0 | T66: =Q66*S66 -> 0 | U66: =P66*S66 -> 0
B67: 237 | C67: CONSUMO | D67: BOTINA SEGURANÇA MATATARSO 36 ADM | E67: 45608 | F67: 46077 | G67: PAR | H67: 50 | I67: 100 | J67: =Q67 -> 0 | K67: =I67-J67 -> 100 | L67: =IF(J67<H67,"ESTOQUE BAIXO",IF(J67>I67,"ESTOQUE ALTO",IF(J67>H67,"ESTOQUE NORMAL",))) -> ESTOQUE BAIXO | N67: =D67 -> BOTINA SEGURANÇA MATATARSO 36 ADM | O67: =SUMIFS(ENTRADA!$F:$F,ENTRADA!$B:$B,ESTOQUE!$B67) -> 4 | P67: =SUMIFS(SAIDA!$F:$F,SAIDA!$B:$B,ESTOQUE!$B67) -> 4 | Q67: =O67-P67 -> 0 | R67: =Q67=#REF! -> #REF! | S67: =IFERROR(SUMIFS(ENTRADA!$H:$H,ENTRADA!$B:$B,ESTOQUE!$B67)/O67,0) -> 120 | T67: =Q67*S67 -> 0 | U67: =P67*S67 -> 480
B68: 238 | C68: CONSUMO | D68: BOTINA SEGURANÇA MATATARSO 37 ADM | E68: 45608 | F68: 46077 | G68: PAR | H68: 50 | I68: 100 | J68: =Q68 -> 0 | K68: =I68-J68 -> 100 | L68: =IF(J68<H68,"ESTOQUE BAIXO",IF(J68>I68,"ESTOQUE ALTO",IF(J68>H68,"ESTOQUE NORMAL",))) -> ESTOQUE BAIXO | N68: =D68 -> BOTINA SEGURANÇA MATATARSO 37 ADM | O68: =SUMIFS(ENTRADA!$F:$F,ENTRADA!$B:$B,ESTOQUE!$B68) -> 4 | P68: =SUMIFS(SAIDA!$F:$F,SAIDA!$B:$B,ESTOQUE!$B68) -> 4 | Q68: =O68-P68 -> 0 | R68: =Q68=#REF! -> #REF! | S68: =IFERROR(SUMIFS(ENTRADA!$H:$H,ENTRADA!$B:$B,ESTOQUE!$B68)/O68,0) -> 120 | T68: =Q68*S68 -> 0 | U68: =P68*S68 -> 480
B69: 239 | C69: CONSUMO | D69: BOTINA SEGURANÇA MATATARSO 38 ADM | E69: 45608 | F69: 46077 | G69: PAR | H69: 50 | I69: 100 | J69: =Q69 -> 0 | K69: =I69-J69 -> 100 | L69: =IF(J69<H69,"ESTOQUE BAIXO",IF(J69>I69,"ESTOQUE ALTO",IF(J69>H69,"ESTOQUE NORMAL",))) -> ESTOQUE BAIXO | N69: =D69 -> BOTINA SEGURANÇA MATATARSO 38 ADM | O69: =SUMIFS(ENTRADA!$F:$F,ENTRADA!$B:$B,ESTOQUE!$B69) -> 0 | P69: =SUMIFS(SAIDA!$F:$F,SAIDA!$B:$B,ESTOQUE!$B69) -> 0 | Q69: =O69-P69 -> 0 | R69: =Q69=#REF! -> #REF! | S69: =IFERROR(SUMIFS(ENTRADA!$H:$H,ENTRADA!$B:$B,ESTOQUE!$B69)/O69,0) -> 0 | T69: =Q69*S69 -> 0 | U69: =P69*S69 -> 0
B70: 240 | C70: CONSUMO | D70: BOTINA SEGURANÇA MATATARSO 39 ADM | E70: 45608 | F70: 46077 | G70: PAR | H70: 50 | I70: 100 | J70: =Q70 -> 0 | K70: =I70-J70 -> 100 | L70: =IF(J70<H70,"ESTOQUE BAIXO",IF(J70>I70,"ESTOQUE ALTO",IF(J70>H70,"ESTOQUE NORMAL",))) -> ESTOQUE BAIXO | N70: =D70 -> BOTINA SEGURANÇA MATATARSO 39 ADM | O70: =SUMIFS(ENTRADA!$F:$F,ENTRADA!$B:$B,ESTOQUE!$B70) -> 0 | P70: =SUMIFS(SAIDA!$F:$F,SAIDA!$B:$B,ESTOQUE!$B70) -> 0 | Q70: =O70-P70 -> 0 | R70: =Q70=#REF! -> #REF! | S70: =IFERROR(SUMIFS(ENTRADA!$H:$H,ENTRADA!$B:$B,ESTOQUE!$B70)/O70,0) -> 0 | T70: =Q70*S70 -> 0 | U70: =P70*S70 -> 0
B71: 241 | C71: CONSUMO | D71: BOTINA SEGURANÇA MATATARSO 40 ADM | E71: 45608 | F71: 46077 | G71: PAR | H71: 50 | I71: 100 | J71: =Q71 -> 0 | K71: =I71-J71 -> 100 | L71: =IF(J71<H71,"ESTOQUE BAIXO",IF(J71>I71,"ESTOQUE ALTO",IF(J71>H71,"ESTOQUE NORMAL",))) -> ESTOQUE BAIXO | N71: =D71 -> BOTINA SEGURANÇA MATATARSO 40 ADM | O71: =SUMIFS(ENTRADA!$F:$F,ENTRADA!$B:$B,ESTOQUE!$B71) -> 9 | P71: =SUMIFS(SAIDA!$F:$F,SAIDA!$B:$B,ESTOQUE!$B71) -> 9 | Q71: =O71-P71 -> 0 | R71: =Q71=#REF! -> #REF! | S71: =IFERROR(SUMIFS(ENTRADA!$H:$H,ENTRADA!$B:$B,ESTOQUE!$B71)/O71,0) -> 120 | T71: =Q71*S71 -> 0 | U71: =P71*S71 -> 1080
B72: 242 | C72: CONSUMO | D72: BOTINA SEGURANÇA MATATARSO 41 ADM | E72: 45608 | F72: 46077 | G72: PAR | H72: 50 | I72: 100 | J72: =Q72 -> 0 | K72: =I72-J72 -> 100 | L72: =IF(J72<H72,"ESTOQUE BAIXO",IF(J72>I72,"ESTOQUE ALTO",IF(J72>H72,"ESTOQUE NORMAL",))) -> ESTOQUE BAIXO | N72: =D72 -> BOTINA SEGURANÇA MATATARSO 41 ADM | O72: =SUMIFS(ENTRADA!$F:$F,ENTRADA!$B:$B,ESTOQUE!$B72) -> 10 | P72: =SUMIFS(SAIDA!$F:$F,SAIDA!$B:$B,ESTOQUE!$B72) -> 10 | Q72: =O72-P72 -> 0 | R72: =Q72=#REF! -> #REF! | S72: =IFERROR(SUMIFS(ENTRADA!$H:$H,ENTRADA!$B:$B,ESTOQUE!$B72)/O72,0) -> 120 | T72: =Q72*S72 -> 0 | U72: =P72*S72 -> 1200
B73: 243 | C73: CONSUMO | D73: BOTINA SEGURANÇA MATATARSO 42 ADM | E73: 45608 | F73: 46077 | G73: PAR | H73: 50 | I73: 100 | J73: =Q73 -> 0 | K73: =I73-J73 -> 100 | L73: =IF(J73<H73,"ESTOQUE BAIXO",IF(J73>I73,"ESTOQUE ALTO",IF(J73>H73,"ESTOQUE NORMAL",))) -> ESTOQUE BAIXO | N73: =D73 -> BOTINA SEGURANÇA MATATARSO 42 ADM | O73: =SUMIFS(ENTRADA!$F:$F,ENTRADA!$B:$B,ESTOQUE!$B73) -> 0 | P73: =SUMIFS(SAIDA!$F:$F,SAIDA!$B:$B,ESTOQUE!$B73) -> 0 | Q73: =O73-P73 -> 0 | R73: =Q73=#REF! -> #REF! | S73: =IFERROR(SUMIFS(ENTRADA!$H:$H,ENTRADA!$B:$B,ESTOQUE!$B73)/O73,0) -> 0 | T73: =Q73*S73 -> 0 | U73: =P73*S73 -> 0
B74: 244 | C74: CONSUMO | D74: BOTINA SEGURANÇA MATATARSO 43 ADM | E74: 45608 | F74: 46077 | G74: PAR | H74: 50 | I74: 100 | J74: =Q74 -> 0 | K74: =I74-J74 -> 100 | L74: =IF(J74<H74,"ESTOQUE BAIXO",IF(J74>I74,"ESTOQUE ALTO",IF(J74>H74,"ESTOQUE NORMAL",))) -> ESTOQUE BAIXO | N74: =D74 -> BOTINA SEGURANÇA MATATARSO 43 ADM | O74: =SUMIFS(ENTRADA!$F:$F,ENTRADA!$B:$B,ESTOQUE!$B74) -> 9 | P74: =SUMIFS(SAIDA!$F:$F,SAIDA!$B:$B,ESTOQUE!$B74) -> 9 | Q74: =O74-P74 -> 0 | R74: =Q74=#REF! -> #REF! | S74: =IFERROR(SUMIFS(ENTRADA!$H:$H,ENTRADA!$B:$B,ESTOQUE!$B74)/O74,0) -> 120 | T74: =Q74*S74 -> 0 | U74: =P74*S74 -> 1080
B75: 245 | C75: CONSUMO | D75: BOTINA SEGURANÇA MATATARSO 44 ADM | E75: 45608 | F75: 46077 | G75: PAR | H75: 50 | I75: 100 | J75: =Q75 -> 0 | K75: =I75-J75 -> 100 | L75: =IF(J75<H75,"ESTOQUE BAIXO",IF(J75>I75,"ESTOQUE ALTO",IF(J75>H75,"ESTOQUE NORMAL",))) -> ESTOQUE BAIXO | N75: =D75 -> BOTINA SEGURANÇA MATATARSO 44 ADM | O75: =SUMIFS(ENTRADA!$F:$F,ENTRADA!$B:$B,ESTOQUE!$B75) -> 0 | P75: =SUMIFS(SAIDA!$F:$F,SAIDA!$B:$B,ESTOQUE!$B75) -> 0 | Q75: =O75-P75 -> 0 | R75: =Q75=#REF! -> #REF! | S75: =IFERROR(SUMIFS(ENTRADA!$H:$H,ENTRADA!$B:$B,ESTOQUE!$B75)/O75,0) -> 0 | T75: =Q75*S75 -> 0 | U75: =P75*S75 -> 0
B76: 246 | C76: CONSUMO | D76: BOTINA SEGURANÇA MATATARSO 45 ADM | E76: 45608 | F76: 46077 | G76: PAR | H76: 50 | I76: 100 | J76: =Q76 -> 0 | K76: =I76-J76 -> 100 | L76: =IF(J76<H76,"ESTOQUE BAIXO",IF(J76>I76,"ESTOQUE ALTO",IF(J76>H76,"ESTOQUE NORMAL",))) -> ESTOQUE BAIXO | N76: =D76 -> BOTINA SEGURANÇA MATATARSO 45 ADM | O76: =SUMIFS(ENTRADA!$F:$F,ENTRADA!$B:$B,ESTOQUE!$B76) -> 0 | P76: =SUMIFS(SAIDA!$F:$F,SAIDA!$B:$B,ESTOQUE!$B76) -> 0 | Q76: =O76-P76 -> 0 | R76: =Q76=#REF! -> #REF! | S76: =IFERROR(SUMIFS(ENTRADA!$H:$H,ENTRADA!$B:$B,ESTOQUE!$B76)/O76,0) -> 0 | T76: =Q76*S76 -> 0 | U76: =P76*S76 -> 0
... B86: 219 | C86: CONSUMO | D86: BOTINA SEGURANÇA METATARSO 42 | E86: 45574 | F86: 46077 | G86: PAR | H86: 100 | I86: 150 | J86: =Q86 -> 0 | K86: =I86-J86 -> 150 | L86: =IF(J86<H86,"ESTOQUE BAIXO",IF(J86>I86,"ESTOQUE ALTO",IF(J86>H86,"ESTOQUE NORMAL",))) -> ESTOQUE BAIXO | N86: =D86 -> BOTINA SEGURANÇA METATARSO 42 | O86: =SUMIFS(ENTRADA!$F:$F,ENTRADA!$B:$B,ESTOQUE!$B86) -> 50 | P86: =SUMIFS(SAIDA!$F:$F,SAIDA!$B:$B,ESTOQUE!$B86) -> 50 | Q86: =O86-P86 -> 0 | R86: =Q86=#REF! -> #REF! | S86: =IFERROR(SUMIFS(ENTRADA!$H:$H,ENTRADA!$B:$B,ESTOQUE!$B86)/O86,0) -> 0 | T86: =Q86*S86 -> 0 | U86: =P86*S86 -> 0
B87: 220 | C87: CONSUMO | D87: BOTINA SEGURANÇA METATARSO 43 | E87: 45574 | F87: 46077 | G87: PAR | H87: 100 | I87: 150 | J87: 0 | K87: =I87-J87 -> 150 | L87: =IF(J87<H87,"ESTOQUE BAIXO",IF(J87>I87,"ESTOQUE ALTO",IF(J87>H87,"ESTOQUE NORMAL",))) -> ESTOQUE BAIXO | N87: =D87 -> BOTINA SEGURANÇA METATARSO 43 | O87: =SUMIFS(ENTRADA!$F:$F,ENTRADA!$B:$B,ESTOQUE!$B87) -> 2 | P87: =SUMIFS(SAIDA!$F:$F,SAIDA!$B:$B,ESTOQUE!$B87) -> 3 | Q87: =O87-P87 -> -1 | R87: =Q87=#REF! -> #REF! | S87: =IFERROR(SUMIFS(ENTRADA!$H:$H,ENTRADA!$B:$B,ESTOQUE!$B87)/O87,0) -> 0 | T87: =Q87*S87 -> 0 | U87: =P87*S87 -> 0
B88: 221 | C88: CONSUMO | D88: BOTINA SEGURANÇA METATARSO 44 | E88: 45574 | F88: 46077 | G88: PAR | H88: 100 | I88: 150 | J88: =Q88 -> 0 | K88: =I88-J88 -> 150 | L88: =IF(J88<H88,"ESTOQUE BAIXO",IF(J88>I88,"ESTOQUE ALTO",IF(J88>H88,"ESTOQUE NORMAL",))) -> ESTOQUE BAIXO | N88: =D88 -> BOTINA SEGURANÇA METATARSO 44 | O88: =SUMIFS(ENTRADA!$F:$F,ENTRADA!$B:$B,ESTOQUE!$B88) -> 15 | P88: =SUMIFS(SAIDA!$F:$F,SAIDA!$B:$B,ESTOQUE!$B88) -> 15 | Q88: =O88-P88 -> 0 | R88: =Q88=#REF! -> #REF! | S88: =IFERROR(SUMIFS(ENTRADA!$H:$H,ENTRADA!$B:$B,ESTOQUE!$B88)/O88,0) -> 56 | T88: =Q88*S88 -> 0 | U88: =P88*S88 -> 840
B89: 222 | C89: CONSUMO | D89: BOTINA SEGURANÇA METATARSO 45 | E89: 45574 | F89: 46077 | G89: PAR | H89: 100 | I89: 150 | J89: 10 | K89: =I89-J89 -> 140 | L89: =IF(J89<H89,"ESTOQUE BAIXO",IF(J89>I89,"ESTOQUE ALTO",IF(J89>H89,"ESTOQUE NORMAL",))) -> ESTOQUE BAIXO | N89: =D89 -> BOTINA SEGURANÇA METATARSO 45 | O89: =SUMIFS(ENTRADA!$F:$F,ENTRADA!$B:$B,ESTOQUE!$B89) -> 23 | P89: =SUMIFS(SAIDA!$F:$F,SAIDA!$B:$B,ESTOQUE!$B89) -> 4 | Q89: =O89-P89 -> 19 | R89: =Q89=#REF! -> #REF! | S89: =IFERROR(SUMIFS(ENTRADA!$H:$H,ENTRADA!$B:$B,ESTOQUE!$B89)/O89,0) -> 0 | T89: =Q89*S89 -> 0 | U89: =P89*S89 -> 0
B90: 223 | C90: CONSUMO | D90: BOTINA SEGURANÇA METATARSO 46 | E90: 45574 | F90: 46077 | G90: PAR | H90: 100 | I90: 150 | J90: =Q90 -> 0 | K90: =I90-J90 -> 150 | L90: =IF(J90<H90,"ESTOQUE BAIXO",IF(J90>I90,"ESTOQUE ALTO",IF(J90>H90,"ESTOQUE NORMAL",))) -> ESTOQUE BAIXO | N90: =D90 -> BOTINA SEGURANÇA METATARSO 46 | O90: =SUMIFS(ENTRADA!$F:$F,ENTRADA!$B:$B,ESTOQUE!$B90) -> 3 | P90: =SUMIFS(SAIDA!$F:$F,SAIDA!$B:$B,ESTOQUE!$B90) -> 3 | Q90: =O90-P90 -> 0 | R90: =Q90=#REF! -> #REF! | S90: =IFERROR(SUMIFS(ENTRADA!$H:$H,ENTRADA!$B:$B,ESTOQUE!$B90)/O90,0) -> 80 | T90: =Q90*S90 -> 0 | U90: =P90*S90 -> 240
B91: 45 | C91: CONSUMO | D91: CALÇA CINZA OP. C/ FAIXA REFLETIVA TAM: EG | E91: N/A | F91: N/A | G91: UND | H91: 30 | I91: 250 | J91: =Q91 -> 0 | K91: =I91-J91 -> 250 | L91: =IF(J91<H91,"ESTOQUE BAIXO",IF(J91>I91,"ESTOQUE ALTO",IF(J91>=H91,"ESTOQUE NORMAL",))) -> ESTOQUE BAIXO | N91: =D91 -> CALÇA CINZA OP. C/ FAIXA REFLETIVA TAM: EG | O91: =SUMIFS(ENTRADA!$F:$F,ENTRADA!$B:$B,ESTOQUE!$B91) -> 0 | P91: =SUMIFS(SAIDA!$F:$F,SAIDA!$B:$B,ESTOQUE!$B91) -> 0 | Q91: =O91-P91 -> 0 | R91: =Q91=#REF! -> #REF! | S91: =IFERROR(SUMIFS(ENTRADA!$H:$H,ENTRADA!$B:$B,ESTOQUE!$B91)/O91,0) -> 0 | T91: =Q91*S91 -> 0 | U91: =P91*S91 -> 0
B92: 201 | C92: CONSUMO | D92: CALÇA CINZA OP. C/ FAIXA REFLETIVA TAM: EXG | E92: N/A | F92: N/A | G92: UND | H92: 30 | I92: 200 | J92: =Q92 -> 0 | K92: =I92-J92 -> 200 | L92: =IF(J92<H92,"ESTOQUE BAIXO",IF(J92>I92,"ESTOQUE ALTO",IF(J92>=H92,"ESTOQUE NORMAL",))) -> ESTOQUE BAIXO | N92: =D92 -> CALÇA CINZA OP. C/ FAIXA REFLETIVA TAM: EXG | O92: =SUMIFS(ENTRADA!$F:$F,ENTRADA!$B:$B,ESTOQUE!$B92) -> 0 | P92: =SUMIFS(SAIDA!$F:$F,SAIDA!$B:$B,ESTOQUE!$B92) -> 0 | Q92: =O92-P92 -> 0 | R92: =Q92=#REF! -> #REF! | S92: =IFERROR(SUMIFS(ENTRADA!$H:$H,ENTRADA!$B:$B,ESTOQUE!$B92)/O92,0) -> 0 | T92: =Q92*S92 -> 0 | U92: =P92*S92 -> 0
B93: 46 | C93: CONSUMO | D93: CALÇA CINZA OP. C/ FAIXA REFLETIVA TAM: G | E93: N/A | F93: N/A | G93: UND | H93: 250 | I93: 500 | J93: =Q93 -> 96 | K93: =I93-J93 -> 404 | L93: =IF(J93<H93,"ESTOQUE BAIXO",IF(J93>I93,"ESTOQUE ALTO",IF(J93>=H93,"ESTOQUE NORMAL",))) -> ESTOQUE BAIXO | N93: =D93 -> CALÇA CINZA OP. C/ FAIXA REFLETIVA TAM: G | O93: =SUMIFS(ENTRADA!$F:$F,ENTRADA!$B:$B,ESTOQUE!$B93) -> 1186 | P93: =SUMIFS(SAIDA!$F:$F,SAIDA!$B:$B,ESTOQUE!$B93) -> 1090 | Q93: =O93-P93 -> 96 | R93: =Q93=#REF! -> #REF! | S93: =IFERROR(SUMIFS(ENTRADA!$H:$H,ENTRADA!$B:$B,ESTOQUE!$B93)/O93,0) -> 2.6974705 | T93: =Q93*S93 -> 258.95717 | U93: =P93*S93 -> 2940.2428
B94: 47 | C94: CONSUMO | D94: CALÇA CINZA OP. C/ FAIXA REFLETIVA TAM: GG | E94: N/A | F94: N/A | G94: UND | H94: 250 | I94: 500 | J94: =Q94 -> 140 | K94: =I94-J94 -> 360 | L94: =IF(J94<H94,"ESTOQUE BAIXO",IF(J94>I94,"ESTOQUE ALTO",IF(J94>=H94,"ESTOQUE NORMAL",))) -> ESTOQUE BAIXO | N94: =D94 -> CALÇA CINZA OP. C/ FAIXA REFLETIVA TAM: GG | O94: =SUMIFS(ENTRADA!$F:$F,ENTRADA!$B:$B,ESTOQUE!$B94) -> 451 | P94: =SUMIFS(SAIDA!$F:$F,SAIDA!$B:$B,ESTOQUE!$B94) -> 311 | Q94: =O94-P94 -> 140 | R94: =Q94=#REF! -> #REF! | S94: =IFERROR(SUMIFS(ENTRADA!$H:$H,ENTRADA!$B:$B,ESTOQUE!$B94)/O94,0) -> 12.207539 | T94: =Q94*S94 -> 1709.0554 | U94: =P94*S94 -> 3796.5446
B95: 48 | C95: CONSUMO | D95: CALÇA CINZA OP. C/ FAIXA REFLETIVA TAM: M | E95: N/A | F95: N/A | G95: UND | H95: 200 | I95: 250 | J95: =Q95 -> 15 | K95: =I95-J95 -> 235 | L95: =IF(J95<H95,"ESTOQUE BAIXO",IF(J95>I95,"ESTOQUE ALTO",IF(J95>=H95,"ESTOQUE NORMAL",))) -> ESTOQUE BAIXO | N95: =D95 -> CALÇA CINZA OP. C/ FAIXA REFLETIVA TAM: M | O95: =SUMIFS(ENTRADA!$F:$F,ENTRADA!$B:$B,ESTOQUE!$B95) -> 753 | P95: =SUMIFS(SAIDA!$F:$F,SAIDA!$B:$B,ESTOQUE!$B95) -> 738 | Q95: =O95-P95 -> 15 | R95: =Q95=#REF! -> #REF! | S95: =IFERROR(SUMIFS(ENTRADA!$H:$H,ENTRADA!$B:$B,ESTOQUE!$B95)/O95,0) -> 0.59282869 | T95: =Q95*S95 -> 8.8924303 | U95: =P95*S95 -> 437.50757
B96: 49 | C96: CONSUMO | D96: CALÇA CINZA OP. C/ FAIXA REFLETIVA TAM: P | E96: N/A | F96: N/A | G96: UND | H96: 150 | I96: 250 | J96: =Q96 -> 40 | K96: =I96-J96 -> 210 | L96: =IF(J96<H96,"ESTOQUE BAIXO",IF(J96>I96,"ESTOQUE ALTO",IF(J96>=H96,"ESTOQUE NORMAL",))) -> ESTOQUE BAIXO | N96: =D96 -> CALÇA CINZA OP. C/ FAIXA REFLETIVA TAM: P | O96: =SUMIFS(ENTRADA!$F:$F,ENTRADA!$B:$B,ESTOQUE!$B96) -> 528 | P96: =SUMIFS(SAIDA!$F:$F,SAIDA!$B:$B,ESTOQUE!$B96) -> 488 | Q96: =O96-P96 -> 40 | R96: =Q96=#REF! -> #REF! | S96: =IFERROR(SUMIFS(ENTRADA!$H:$H,ENTRADA!$B:$B,ESTOQUE!$B96)/O96,0) -> 1.8318182 | T96: =Q96*S96 -> 73.272727 | U96: =P96*S96 -> 893.92727
B97: 50 | C97: CONSUMO | D97: CALÇA CINZA OP. C/ FAIXA REFLETIVA TAM: XG | E97: N/A | F97: N/A | G97: UND | H97: 150 | I97: 250 | J97: =Q97 -> 165 | K97: =I97-J97 -> 85 | L97: =IF(J97<H97,"ESTOQUE BAIXO",IF(J97>I97,"ESTOQUE ALTO",IF(J97>=H97,"ESTOQUE NORMAL",))) -> ESTOQUE NORMAL | N97: =D97 -> CALÇA CINZA OP. C/ FAIXA REFLETIVA TAM: XG | O97: =SUMIFS(ENTRADA!$F:$F,ENTRADA!$B:$B,ESTOQUE!$B97) -> 200 | P97: =SUMIFS(SAIDA!$F:$F,SAIDA!$B:$B,ESTOQUE!$B97) -> 35 | Q97: =O97-P97 -> 165 | R97: =Q97=#REF! -> #REF! | S97: =IFERROR(SUMIFS(ENTRADA!$H:$H,ENTRADA!$B:$B,ESTOQUE!$B97)/O97,0) -> 10.044 | T97: =Q97*S97 -> 1657.26 | U97: =P97*S97 -> 351.54
B98: 51 | C98: CONSUMO | D98: CALÇA DE ELETRICISTA NR.10 TAM: EG | E98: 41147 | F98: 45951 | G98: UND | H98: 20 | I98: 30 | J98: =Q98 -> 0 | K98: =I98-J98 -> 30 | L98: =IF(J98<H98,"ESTOQUE BAIXO",IF(J98>I98,"ESTOQUE ALTO",IF(J98>=H98,"ESTOQUE NORMAL",))) -> ESTOQUE BAIXO | N98: =D98 -> CALÇA DE ELETRICISTA NR.10 TAM: EG | O98: =SUMIFS(ENTRADA!$F:$F,ENTRADA!$B:$B,ESTOQUE!$B98) -> 0 | P98: =SUMIFS(SAIDA!$F:$F,SAIDA!$B:$B,ESTOQUE!$B98) -> 0 | Q98: =O98-P98 -> 0 | R98: =Q98=#REF! -> #REF! | S98: =IFERROR(SUMIFS(ENTRADA!$H:$H,ENTRADA!$B:$B,ESTOQUE!$B98)/O98,0) -> 0 | T98: =Q98*S98 -> 0 | U98: =P98*S98 -> 0
B99: 54 | C99: CONSUMO | D99: CALÇA DE ELETRICISTA NR.10 TAM: G | E99: 41147 | F99: 45951 | G99: UND | H99: 25 | I99: 50 | J99: =Q99 -> 13 | K99: =I99-J99 -> 37 | L99: =IF(J99<H99,"ESTOQUE BAIXO",IF(J99>I99,"ESTOQUE ALTO",IF(J99>=H99,"ESTOQUE NORMAL",))) -> ESTOQUE BAIXO | N99: =D99 -> CALÇA DE ELETRICISTA NR.10 TAM: G | O99: =SUMIFS(ENTRADA!$F:$F,ENTRADA!$B:$B,ESTOQUE!$B99) -> 17 | P99: =SUMIFS(SAIDA!$F:$F,SAIDA!$B:$B,ESTOQUE!$B99) -> 4 | Q99: =O99-P99 -> 13 | R99: =Q99=#REF! -> #REF! | S99: =IFERROR(SUMIFS(ENTRADA!$H:$H,ENTRADA!$B:$B,ESTOQUE!$B99)/O99,0) -> 0 | T99: =Q99*S99 -> 0 | U99: =P99*S99 -> 0
B100: 52 | C100: CONSUMO | D100: CALÇA DE ELETRICISTA NR.10 TAM: GG | E100: 41147 | F100: 45951 | G100: UND | H100: 25 | I100: 50 | J100: =Q100 -> 10 | K100: =I100-J100 -> 40 | L100: =IF(J100<H100,"ESTOQUE BAIXO",IF(J100>I100,"ESTOQUE ALTO",IF(J100>=H100,"ESTOQUE NORMAL",))) -> ESTOQUE BAIXO | N100: =D100 -> CALÇA DE ELETRICISTA NR.10 TAM: GG | O100: =SUMIFS(ENTRADA!$F:$F,ENTRADA!$B:$B,ESTOQUE!$B100) -> 15 | P100: =SUMIFS(SAIDA!$F:$F,SAIDA!$B:$B,ESTOQUE!$B100) -> 5 | Q100: =O100-P100 -> 10 | R100: =Q100=#REF! -> #REF! | S100: =IFERROR(SUMIFS(ENTRADA!$H:$H,ENTRADA!$B:$B,ESTOQUE!$B100)/O100,0) -> 0 | T100: =Q100*S100 -> 0 | U100: =P100*S100 -> 0
B101: 202 | C101: CONSUMO | D101: CALÇA DE ELETRICISTA NR.10 TAM: M | E101: 41147 | F101: 45951 | G101: UND | H101: 25 | I101: 50 | J101: =Q101 -> 8 | K101: =I101-J101 -> 42 | L101: =IF(J101<H101,"ESTOQUE BAIXO",IF(J101>I101,"ESTOQUE ALTO",IF(J101>=H101,"ESTOQUE NORMAL",))) -> ESTOQUE BAIXO | N101: =D101 -> CALÇA DE ELETRICISTA NR.10 TAM: M | O101: =SUMIFS(ENTRADA!$F:$F,ENTRADA!$B:$B,ESTOQUE!$B101) -> 10 | P101: =SUMIFS(SAIDA!$F:$F,SAIDA!$B:$B,ESTOQUE!$B101) -> 2 | Q101: =O101-P101 -> 8 | R101: =Q101=#REF! -> #REF! | S101: =IFERROR(SUMIFS(ENTRADA!$H:$H,ENTRADA!$B:$B,ESTOQUE!$B101)/O101,0) -> 0 | T101: =Q101*S101 -> 0 | U101: =P101*S101 -> 0
B102: 53 | C102: CONSUMO | D102: CALÇA DE ELETRICISTA NR.10 TAM: P | E102: 41147 | F102: 45951 | G102: UND | H102: 20 | I102: 30 | J102: =Q102 -> 11 | K102: =I102-J102 -> 19 | L102: =IF(J102<H102,"ESTOQUE BAIXO",IF(J102>I102,"ESTOQUE ALTO",IF(J102>=H102,"ESTOQUE NORMAL",))) -> ESTOQUE BAIXO | N102: =D102 -> CALÇA DE ELETRICISTA NR.10 TAM: P | O102: =SUMIFS(ENTRADA!$F:$F,ENTRADA!$B:$B,ESTOQUE!$B102) -> 23 | P102: =SUMIFS(SAIDA!$F:$F,SAIDA!$B:$B,ESTOQUE!$B102) -> 12 | Q102: =O102-P102 -> 11 | R102: =Q102=#REF! -> #REF! | S102: =IFERROR(SUMIFS(ENTRADA!$H:$H,ENTRADA!$B:$B,ESTOQUE!$B102)/O102,0) -> 0 | T102: =Q102*S102 -> 0 | U102: =P102*S102 -> 0
B103: 55 | C103: CONSUMO | D103: CALÇA DE ELETRICISTA NR.10 TAM: XGG | E103: 41147 | F103: 45951 | G103: UND | H103: 10 | I103: 20 | J103: =Q103 -> 17 | K103: =I103-J103 -> 3 | L103: =IF(J103<H103,"ESTOQUE BAIXO",IF(J103>I103,"ESTOQUE ALTO",IF(J103>=H103,"ESTOQUE NORMAL",))) -> ESTOQUE NORMAL | N103: =D103 -> CALÇA DE ELETRICISTA NR.10 TAM: XGG | O103: =SUMIFS(ENTRADA!$F:$F,ENTRADA!$B:$B,ESTOQUE!$B103) -> 17 | P103: =SUMIFS(SAIDA!$F:$F,SAIDA!$B:$B,ESTOQUE!$B103) -> 0 | Q103: =O103-P103 -> 17 | R103: =Q103=#REF! -> #REF! | S103: =IFERROR(SUMIFS(ENTRADA!$H:$H,ENTRADA!$B:$B,ESTOQUE!$B103)/O103,0) -> 0 | T103: =Q103*S103 -> 0 | U103: =P103*S103 -> 0
B104: 56 | C104: CONSUMO | D104: CAMISA ADM FEMININA TAM: G | E104: N/A | F104: N/A | G104: UND | H104: 20 | I104: 50 | J104: =Q104 -> 0 | K104: =I104-J104 -> 50 | L104: =IF(J104<H104,"ESTOQUE BAIXO",IF(J104>I104,"ESTOQUE ALTO",IF(J104>=H104,"ESTOQUE NORMAL",))) -> ESTOQUE BAIXO | N104: =D104 -> CAMISA ADM FEMININA TAM: G | O104: =SUMIFS(ENTRADA!$F:$F,ENTRADA!$B:$B,ESTOQUE!$B104) -> 3 | P104: =SUMIFS(SAIDA!$F:$F,SAIDA!$B:$B,ESTOQUE!$B104) -> 3 | Q104: =O104-P104 -> 0 | R104: =Q104=#REF! -> #REF! | S104: =IFERROR(SUMIFS(ENTRADA!$H:$H,ENTRADA!$B:$B,ESTOQUE!$B104)/O104,0) -> 69.9 | T104: =Q104*S104 -> 0 | U104: =P104*S104 -> 209.7
B105: 57 | C105: CONSUMO | D105: CAMISA ADM FEMININA TAM: GG | E105: N/A | F105: N/A | G105: UND | H105: 20 | I105: 50 | J105: =Q105 -> 0 | K105: =I105-J105 -> 50 | L105: =IF(J105<H105,"ESTOQUE BAIXO",IF(J105>I105,"ESTOQUE ALTO",IF(J105>=H105,"ESTOQUE NORMAL",))) -> ESTOQUE BAIXO | N105: =D105 -> CAMISA ADM FEMININA TAM: GG | O105: =SUMIFS(ENTRADA!$F:$F,ENTRADA!$B:$B,ESTOQUE!$B105) -> 0 | P105: =SUMIFS(SAIDA!$F:$F,SAIDA!$B:$B,ESTOQUE!$B105) -> 0 | Q105: =O105-P105 -> 0 | R105: =Q105=#REF! -> #REF! | S105: =IFERROR(SUMIFS(ENTRADA!$H:$H,ENTRADA!$B:$B,ESTOQUE!$B105)/O105,0) -> 0 | T105: =Q105*S105 -> 0 | U105: =P105*S105 -> 0
B106: 58 | C106: CONSUMO | D106: CAMISA ADM FEMININA TAM: M | E106: N/A | F106: N/A | G106: UND | H106: 20 | I106: 50 | J106: =Q106 -> 0 | K106: =I106-J106 -> 50 | L106: =IF(J106<H106,"ESTOQUE BAIXO",IF(J106>I106,"ESTOQUE ALTO",IF(J106>=H106,"ESTOQUE NORMAL",))) -> ESTOQUE BAIXO | N106: =D106 -> CAMISA ADM FEMININA TAM: M | O106: =SUMIFS(ENTRADA!$F:$F,ENTRADA!$B:$B,ESTOQUE!$B106) -> 22 | P106: =SUMIFS(SAIDA!$F:$F,SAIDA!$B:$B,ESTOQUE!$B106) -> 22 | Q106: =O106-P106 -> 0 | R106: =Q106=#REF! -> #REF! | S106: =IFERROR(SUMIFS(ENTRADA!$H:$H,ENTRADA!$B:$B,ESTOQUE!$B106)/O106,0) -> 6.3545455 | T106: =Q106*S106 -> 0 | U106: =P106*S106 -> 139.8
B107: 59 | C107: CONSUMO | D107: CAMISA ADM FEMININA TAM: P | E107: N/A | F107: N/A | G107: UND | H107: 20 | I107: 40 | J107: =Q107 -> 0 | K107: =I107-J107 -> 40 | L107: =IF(J107<H107,"ESTOQUE BAIXO",IF(J107>I107,"ESTOQUE ALTO",IF(J107>=H107,"ESTOQUE NORMAL",))) -> ESTOQUE BAIXO | N107: =D107 -> CAMISA ADM FEMININA TAM: P | O107: =SUMIFS(ENTRADA!$F:$F,ENTRADA!$B:$B,ESTOQUE!$B107) -> 10 | P107: =SUMIFS(SAIDA!$F:$F,SAIDA!$B:$B,ESTOQUE!$B107) -> 10 | Q107: =O107-P107 -> 0 | R107: =Q107=#REF! -> #REF! | S107: =IFERROR(SUMIFS(ENTRADA!$H:$H,ENTRADA!$B:$B,ESTOQUE!$B107)/O107,0) -> 0 | T107: =Q107*S107 -> 0 | U107: =P107*S107 -> 0
B108: 60 | C108: CONSUMO | D108: CAMISA ADM MASCULINA TAM: G | E108: N/A | F108: N/A | G108: UND | H108: 40 | I108: 100 | J108: =Q108 -> 0 | K108: =I108-J108 -> 100 | L108: =IF(J108<H108,"ESTOQUE BAIXO",IF(J108>I108,"ESTOQUE ALTO",IF(J108>=H108,"ESTOQUE NORMAL",))) -> ESTOQUE BAIXO | N108: =D108 -> CAMISA ADM MASCULINA TAM: G | O108: =SUMIFS(ENTRADA!$F:$F,ENTRADA!$B:$B,ESTOQUE!$B108) -> 3 | P108: =SUMIFS(SAIDA!$F:$F,SAIDA!$B:$B,ESTOQUE!$B108) -> 3 | Q108: =O108-P108 -> 0 | R108: =Q108=#REF! -> #REF! | S108: =IFERROR(SUMIFS(ENTRADA!$H:$H,ENTRADA!$B:$B,ESTOQUE!$B108)/O108,0) -> 69.9 | T108: =Q108*S108 -> 0 | U108: =P108*S108 -> 209.7
B109: 61 | C109: CONSUMO | D109: CAMISA ADM MASCULINA TAM: GG | E109: N/A | F109: N/A | G109: UND | H109: 40 | I109: 100 | J109: =Q109 -> 0 | K109: =I109-J109 -> 100 | L109: =IF(J109<H109,"ESTOQUE BAIXO",IF(J109>I109,"ESTOQUE ALTO",IF(J109>=H109,"ESTOQUE NORMAL",))) -> ESTOQUE BAIXO | N109: =D109 -> CAMISA ADM MASCULINA TAM: GG | O109: =SUMIFS(ENTRADA!$F:$F,ENTRADA!$B:$B,ESTOQUE!$B109) -> 0 | P109: =SUMIFS(SAIDA!$F:$F,SAIDA!$B:$B,ESTOQUE!$B109) -> 0 | Q109: =O109-P109 -> 0 | R109: =Q109=#REF! -> #REF! | S109: =IFERROR(SUMIFS(ENTRADA!$H:$H,ENTRADA!$B:$B,ESTOQUE!$B109)/O109,0) -> 0 | T109: =Q109*S109 -> 0 | U109: =P109*S109 -> 0
B110: 62 | C110: CONSUMO | D110: CAMISA ADM MASCULINA TAM: M | E110: N/A | F110: N/A | G110: UND | H110: 40 | I110: 100 | J110: =Q110 -> 0 | K110: =I110-J110 -> 100 | L110: =IF(J110<H110,"ESTOQUE BAIXO",IF(J110>I110,"ESTOQUE ALTO",IF(J110>=H110,"ESTOQUE NORMAL",))) -> ESTOQUE BAIXO | N110: =D110 -> CAMISA ADM MASCULINA TAM: M | O110: =SUMIFS(ENTRADA!$F:$F,ENTRADA!$B:$B,ESTOQUE!$B110) -> 0 | P110: =SUMIFS(SAIDA!$F:$F,SAIDA!$B:$B,ESTOQUE!$B110) -> 0 | Q110: =O110-P110 -> 0 | R110: =Q110=#REF! -> #REF! | S110: =IFERROR(SUMIFS(ENTRADA!$H:$H,ENTRADA!$B:$B,ESTOQUE!$B110)/O110,0) -> 0 | T110: =Q110*S110 -> 0 | U110: =P110*S110 -> 0
B111: 63 | C111: CONSUMO | D111: CAMISA ADM MASCULINA TAM: P | E111: N/A | F111: N/A | G111: UND | H111: 20 | I111: 100 | J111: =Q111 -> 0 | K111: =I111-J111 -> 100 | L111: =IF(J111<H111,"ESTOQUE BAIXO",IF(J111>I111,"ESTOQUE ALTO",IF(J111>=H111,"ESTOQUE NORMAL",))) -> ESTOQUE BAIXO | N111: =D111 -> CAMISA ADM MASCULINA TAM: P | O111: =SUMIFS(ENTRADA!$F:$F,ENTRADA!$B:$B,ESTOQUE!$B111) -> 0 | P111: =SUMIFS(SAIDA!$F:$F,SAIDA!$B:$B,ESTOQUE!$B111) -> 0 | Q111: =O111-P111 -> 0 | R111: =Q111=#REF! -> #REF! | S111: =IFERROR(SUMIFS(ENTRADA!$H:$H,ENTRADA!$B:$B,ESTOQUE!$B111)/O111,0) -> 0 | T111: =Q111*S111 -> 0 | U111: =P111*S111 -> 0
B112: 204 | C112: CONSUMO | D112: CAMISA ADM MASCULINA TAM: XG | E112: N/A | F112: N/A | G112: UND | H112: 30 | I112: 100 | J112: =Q112 -> 0 | K112: =I112-J112 -> 100 | L112: =IF(J112<H112,"ESTOQUE BAIXO",IF(J112>I112,"ESTOQUE ALTO",IF(J112>=H112,"ESTOQUE NORMAL",))) -> ESTOQUE BAIXO | N112: =D112 -> CAMISA ADM MASCULINA TAM: XG | O112: =SUMIFS(ENTRADA!$F:$F,ENTRADA!$B:$B,ESTOQUE!$B112) -> 0 | P112: =SUMIFS(SAIDA!$F:$F,SAIDA!$B:$B,ESTOQUE!$B112) -> 0 | Q112: =O112-P112 -> 0 | R112: =Q112=#REF! -> #REF! | S112: =IFERROR(SUMIFS(ENTRADA!$H:$H,ENTRADA!$B:$B,ESTOQUE!$B112)/O112,0) -> 0 | T112: =Q112*S112 -> 0 | U112: =P112*S112 -> 0
...

Sheet SAIDA
A1: DATA | B1: COD. | C1: GRUPO | D1: DESCRIÇÃO | E1: UNID | F1: QUANT | G1: Funcionario | H1: Empresa | I1: EST. MIN | J1: EST. ATUAL | K1: Observação
A2: 45253 | B2: 111 | C2: CONSUMO | D2: =IF(ISBLANK($B2),"",IFERROR(VLOOKUP($B2,ESTOQUE!$B$2:$D$97168,3,FALSE),"Produto não cadastrado")) -> LUVA DE VAQUETA MARROM | E2: =_xlfn.XLOOKUP(B2,ESTOQUE!B:B,ESTOQUE!G:G,"",0) -> PAR | F2: 9
A3: 45253 | B3: 257 | C3: CONSUMO | D3: =IF(ISBLANK($B3),"",IFERROR(VLOOKUP($B3,ESTOQUE!$B$2:$D$97168,3,FALSE),"Produto não cadastrado")) -> LUVA MULTITATO | E3: =_xlfn.XLOOKUP(B3,ESTOQUE!B:B,ESTOQUE!G:G,"",0) -> UND | F3: 10
A4: 45929 | B4: 2 | C4: CONSUMO | D4: =IF(ISBLANK($B4),"",IFERROR(VLOOKUP($B4,ESTOQUE!$B$2:$D$97168,3,FALSE),"Produto não cadastrado")) -> AVENTAL DE RASPA TAM 1X60MT | E4: =_xlfn.XLOOKUP(B4,ESTOQUE!B:B,ESTOQUE!G:G,"",0) -> UND | F4: 4
A5: 45929 | B5: 39 | C5: CONSUMO | D5: =IF(ISBLANK($B5),"",IFERROR(VLOOKUP($B5,ESTOQUE!$B$2:$D$97168,3,FALSE),"Produto não cadastrado")) -> BOTINA OP. BICO PVC Nº 41 | E5: =_xlfn.XLOOKUP(B5,ESTOQUE!B:B,ESTOQUE!G:G,"",0) -> PAR | F5: 1
A6: 45929 | B6: 40 | C6: CONSUMO | D6: =IF(ISBLANK($B6),"",IFERROR(VLOOKUP($B6,ESTOQUE!$B$2:$D$97168,3,FALSE),"Produto não cadastrado")) -> BOTINA OP. BICO PVC Nº 42 | E6: =_xlfn.XLOOKUP(B6,ESTOQUE!B:B,ESTOQUE!G:G,"",0) -> PAR | F6: 1
A7: 45929 | B7: 37 | C7: CONSUMO | D7: =IF(ISBLANK($B7),"",IFERROR(VLOOKUP($B7,ESTOQUE!$B$2:$D$97168,3,FALSE),"Produto não cadastrado")) -> BOTINA OP. BICO PVC Nº 39 | E7: =_xlfn.XLOOKUP(B7,ESTOQUE!B:B,ESTOQUE!G:G,"",0) -> PAR | F7: 1
A8: 45929 | B8: 42 | C8: CONSUMO | D8: =IF(ISBLANK($B8),"",IFERROR(VLOOKUP($B8,ESTOQUE!$B$2:$D$97168,3,FALSE),"Produto não cadastrado")) -> BOTINA OP. BICO PVC Nº 44 | E8: =_xlfn.XLOOKUP(B8,ESTOQUE!B:B,ESTOQUE!G:G,"",0) -> PAR | F8: 1
A9: 45929 | B9: 47 | C9: CONSUMO | D9: =IF(ISBLANK($B9),"",IFERROR(VLOOKUP($B9,ESTOQUE!$B$2:$D$97168,3,FALSE),"Produto não cadastrado")) -> CALÇA CINZA OP. C/ FAIXA REFLETIVA TAM: GG | E9: =_xlfn.XLOOKUP(B9,ESTOQUE!B:B,ESTOQUE!G:G,"",0) -> UND | F9: 1
A10: 45929 | B10: 49 | C10: CONSUMO | D10: =IF(ISBLANK($B10),"",IFERROR(VLOOKUP($B10,ESTOQUE!$B$2:$D$97168,3,FALSE),"Produto não cadastrado")) -> CALÇA CINZA OP. C/ FAIXA REFLETIVA TAM: P | E10: =_xlfn.XLOOKUP(B10,ESTOQUE!B:B,ESTOQUE!G:G,"",0) -> UND | F10: 2
A11: 45929 | B11: 71 | C11: CONSUMO | D11: =IF(ISBLANK($B11),"",IFERROR(VLOOKUP($B11,ESTOQUE!$B$2:$D$97168,3,FALSE),"Produto não cadastrado")) -> CAMISA LARANJA OP. C/ FAIXA REFLETIVA TAM: XG | E11: =_xlfn.XLOOKUP(B11,ESTOQUE!B:B,ESTOQUE!G:G,"",0) -> UND | F11: 1
A12: 45929 | B12: 96 | C12: CONSUMO | D12: =IF(ISBLANK($B12),"",IFERROR(VLOOKUP($B12,ESTOQUE!$B$2:$D$97168,3,FALSE),"Produto não cadastrado")) -> CINTO DE SEGURANÇA MODELO:C70 | E12: =_xlfn.XLOOKUP(B12,ESTOQUE!B:B,ESTOQUE!G:G,"",0) -> UND | F12: 1
A13: 45929 | B13: 234 | C13: CONSUMO | D13: =IF(ISBLANK($B13),"",IFERROR(VLOOKUP($B13,ESTOQUE!$B$2:$D$97168,3,FALSE),"Produto não cadastrado")) -> CONE PLASTICOR DE SINALIZACAO 75cm | E13: =_xlfn.XLOOKUP(B13,ESTOQUE!B:B,ESTOQUE!G:G,"",0) -> UND | F13: 20
... A17: 45929 | B17: 141 | C17: CONSUMO | D17: =IF(ISBLANK($B17),"",IFERROR(VLOOKUP($B17,ESTOQUE!$B$2:$D$97168,3,FALSE),"Produto não cadastrado")) -> LUVA DE VAQUETA | E17: =_xlfn.XLOOKUP(B17,ESTOQUE!B:B,ESTOQUE!G:G,"",0) -> PAR | F17: 7
A18: 45929 | B18: 189 | C18: CONSUMO | D18: =IF(ISBLANK($B18),"",IFERROR(VLOOKUP($B18,ESTOQUE!$B$2:$D$97168,3,FALSE),"Produto não cadastrado")) -> LUVA DE VAQUETA MISTA | E18: PAR | F18: 3
A19: 45929 | B19: 207 | C19: CONSUMO | D19: =IF(ISBLANK($B19),"",IFERROR(VLOOKUP($B19,ESTOQUE!$B$2:$D$97168,3,FALSE),"Produto não cadastrado")) -> LUVA POLIESTER ANTICORTE BANHADA PU TAM 9 | E19: =_xlfn.XLOOKUP(B19,ESTOQUE!B:B,ESTOQUE!G:G,"",0) -> PAR | F19: 1
A20: 45929 | B20: 144 | C20: CONSUMO | D20: =IF(ISBLANK($B20),"",IFERROR(VLOOKUP($B20,ESTOQUE!$B$2:$D$97168,3,FALSE),"Produto não cadastrado")) -> MASCARA PFF2-S C/ FILTRO | E20: =_xlfn.XLOOKUP(B20,ESTOQUE!B:B,ESTOQUE!G:G,"",0) -> UND | F20: 9
A21: 45929 | B21: 126 | C21: CONSUMO | D21: =IF(ISBLANK($B21),"",IFERROR(VLOOKUP($B21,ESTOQUE!$B$2:$D$97168,3,FALSE),"Produto não cadastrado")) -> OCULOS DE PROTEÇÃO ESCURO | E21: =_xlfn.XLOOKUP(B21,ESTOQUE!B:B,ESTOQUE!G:G,"",0) -> UND | F21: 1
A22: 45929 | B22: 124 | C22: CONSUMO | D22: =IF(ISBLANK($B22),"",IFERROR(VLOOKUP($B22,ESTOQUE!$B$2:$D$97168,3,FALSE),"Produto não cadastrado")) -> OCULOS DE PROTEÇÃO INCOLOR | E22: =_xlfn.XLOOKUP(B22,ESTOQUE!B:B,ESTOQUE!G:G,"",0) -> UND | F22: 2
A23: 45929 | B23: 129 | C23: CONSUMO | D23: =IF(ISBLANK($B23),"",IFERROR(VLOOKUP($B23,ESTOQUE!$B$2:$D$97168,3,FALSE),"Produto não cadastrado")) -> PERNEIRA DE RASPA | E23: =_xlfn.XLOOKUP(B23,ESTOQUE!B:B,ESTOQUE!G:G,"",0) -> PAR | F23: 2
A24: 45929 | B24: 130 | C24: CONSUMO | D24: =IF(ISBLANK($B24),"",IFERROR(VLOOKUP($B24,ESTOQUE!$B$2:$D$97168,3,FALSE),"Produto não cadastrado")) -> PROTETOR AUDITIVO TIPO CONCHA L-300 | E24: =_xlfn.XLOOKUP(B24,ESTOQUE!B:B,ESTOQUE!G:G,"",0) -> UND | F24: 2
A25: 45929 | B25: 139 | C25: CONSUMO | D25: =IF(ISBLANK($B25),"",IFERROR(VLOOKUP($B25,ESTOQUE!$B$2:$D$97168,3,FALSE),"Produto não cadastrado")) -> PROTETOR AURICULAR TIPO PLUG | E25: =_xlfn.XLOOKUP(B25,ESTOQUE!B:B,ESTOQUE!G:G,"",0) -> UND | F25: 4
A26: 45929 | B26: 135 | C26: CONSUMO | D26: =IF(ISBLANK($B26),"",IFERROR(VLOOKUP($B26,ESTOQUE!$B$2:$D$97168,3,FALSE),"Produto não cadastrado")) -> TALABARTE DUPLO TIPO Y | E26: =_xlfn.XLOOKUP(B26,ESTOQUE!B:B,ESTOQUE!G:G,"",0) -> UND | F26: 1
A27: 45930 | B27: 228 | C27: CONSUMO | D27: =IF(ISBLANK($B27),"",IFERROR(VLOOKUP($B27,ESTOQUE!$B$2:$D$97168,3,FALSE),"Produto não cadastrado")) -> BALACLAVA | E27: =_xlfn.XLOOKUP(B27,ESTOQUE!B:B,ESTOQUE!G:G,"",0) -> UND | F27: 5
A28: 45930 | B28: 38 | C28: CONSUMO | D28: =IF(ISBLANK($B28),"",IFERROR(VLOOKUP($B28,ESTOQUE!$B$2:$D$97168,3,FALSE),"Produto não cadastrado")) -> BOTINA OP. BICO PVC Nº 40 | E28: =_xlfn.XLOOKUP(B28,ESTOQUE!B:B,ESTOQUE!G:G,"",0) -> PAR | F28: 1
A29: 45930 | B29: 39 | C29: CONSUMO | D29: =IF(ISBLANK($B29),"",IFERROR(VLOOKUP($B29,ESTOQUE!$B$2:$D$97168,3,FALSE),"Produto não cadastrado")) -> BOTINA OP. BICO PVC Nº 41 | E29: =_xlfn.XLOOKUP(B29,ESTOQUE!B:B,ESTOQUE!G:G,"",0) -> PAR | F29: 1
A30: 45930 | B30: 242 | C30: CONSUMO | D30: =IF(ISBLANK($B30),"",IFERROR(VLOOKUP($B30,ESTOQUE!$B$2:$D$97168,3,FALSE),"Produto não cadastrado")) -> BOTINA SEGURANÇA MATATARSO 41 ADM | E30: =_xlfn.XLOOKUP(B30,ESTOQUE!B:B,ESTOQUE!G:G,"",0) -> PAR | F30: 1
... A41: 45930 | B41: 141 | C41: CONSUMO | D41: =IF(ISBLANK($B41),"",IFERROR(VLOOKUP($B41,ESTOQUE!$B$2:$D$97168,3,FALSE),"Produto não cadastrado")) -> LUVA DE VAQUETA | E41: =_xlfn.XLOOKUP(B41,ESTOQUE!B:B,ESTOQUE!G:G,"",0) -> PAR | F41: 7
A42: 45930 | B42: 189 | C42: CONSUMO | D42: =IF(ISBLANK($B42),"",IFERROR(VLOOKUP($B42,ESTOQUE!$B$2:$D$97168,3,FALSE),"Produto não cadastrado")) -> LUVA DE VAQUETA MISTA | E42: PAR | F42: 1
A43: 45930 | B43: 114 | C43: CONSUMO | D43: =IF(ISBLANK($B43),"",IFERROR(VLOOKUP($B43,ESTOQUE!$B$2:$D$97168,3,FALSE),"Produto não cadastrado")) -> LUVA LATEX NITRILICA | E43: =_xlfn.XLOOKUP(B43,ESTOQUE!B:B,ESTOQUE!G:G,"",0) -> PAR | F43: 4
A44: 45930 | B44: 207 | C44: CONSUMO | D44: =IF(ISBLANK($B44),"",IFERROR(VLOOKUP($B44,ESTOQUE!$B$2:$D$97168,3,FALSE),"Produto não cadastrado")) -> LUVA POLIESTER ANTICORTE BANHADA PU TAM 9 | E44: =_xlfn.XLOOKUP(B44,ESTOQUE!B:B,ESTOQUE!G:G,"",0) -> PAR | F44: 8
A45: 45930 | B45: 118 | C45: CONSUMO | D45: =IF(ISBLANK($B45),"",IFERROR(VLOOKUP($B45,ESTOQUE!$B$2:$D$97168,3,FALSE),"Produto não cadastrado")) -> MACACÃO DE PROTEÇÃO TYVEK | E45: =_xlfn.XLOOKUP(B45,ESTOQUE!B:B,ESTOQUE!G:G,"",0) -> UND | F45: 1
A46: 45930 | B46: 144 | C46: CONSUMO | D46: =IF(ISBLANK($B46),"",IFERROR(VLOOKUP($B46,ESTOQUE!$B$2:$D$97168,3,FALSE),"Produto não cadastrado")) -> MASCARA PFF2-S C/ FILTRO | E46: =_xlfn.XLOOKUP(B46,ESTOQUE!B:B,ESTOQUE!G:G,"",0) -> UND | F46: 45
A47: 45930 | B47: 126 | C47: CONSUMO | D47: =IF(ISBLANK($B47),"",IFERROR(VLOOKUP($B47,ESTOQUE!$B$2:$D$97168,3,FALSE),"Produto não cadastrado")) -> OCULOS DE PROTEÇÃO ESCURO | E47: =_xlfn.XLOOKUP(B47,ESTOQUE!B:B,ESTOQUE!G:G,"",0) -> UND | F47: 3
A48: 45930 | B48: 124 | C48: CONSUMO | D48: =IF(ISBLANK($B48),"",IFERROR(VLOOKUP($B48,ESTOQUE!$B$2:$D$97168,3,FALSE),"Produto não cadastrado")) -> OCULOS DE PROTEÇÃO INCOLOR | E48: =_xlfn.XLOOKUP(B48,ESTOQUE!B:B,ESTOQUE!G:G,"",0) -> UND | F48: 1
A49: 45930 | B49: 139 | C49: CONSUMO | D49: =IF(ISBLANK($B49),"",IFERROR(VLOOKUP($B49,ESTOQUE!$B$2:$D$97168,3,FALSE),"Produto não cadastrado")) -> PROTETOR AURICULAR TIPO PLUG | E49: =_xlfn.XLOOKUP(B49,ESTOQUE!B:B,ESTOQUE!G:G,"",0) -> UND | F49: 12
A50: 45930 | B50: 135 | C50: CONSUMO | D50: =IF(ISBLANK($B50),"",IFERROR(VLOOKUP($B50,ESTOQUE!$B$2:$D$97168,3,FALSE),"Produto não cadastrado")) -> TALABARTE DUPLO TIPO Y | E50: =_xlfn.XLOOKUP(B50,ESTOQUE!B:B,ESTOQUE!G:G,"",0) -> UND | F50: 1
A51: 45930 | B51: 136 | C51: CONSUMO | D51: =IF(ISBLANK($B51),"",IFERROR(VLOOKUP($B51,ESTOQUE!$B$2:$D$97168,3,FALSE),"Produto não cadastrado")) -> TAYCO CARTUCHO P/ GASES TGV-500 - MASCARA | E51: =_xlfn.XLOOKUP(B51,ESTOQUE!B:B,ESTOQUE!G:G,"",0) -> UND | F51: 1
A52: 45931 | B52: 11 | C52: CONSUMO | D52: =IF(ISBLANK($B52),"",IFERROR(VLOOKUP($B52,ESTOQUE!$B$2:$D$97168,3,FALSE),"Produto não cadastrado")) -> BOTA PVC CANO LONGO Nº 43 | E52: =_xlfn.XLOOKUP(B52,ESTOQUE!B:B,ESTOQUE!G:G,"",0) -> PAR | F52: 1
A53: 45931 | B53: 38 | C53: CONSUMO | D53: =IF(ISBLANK($B53),"",IFERROR(VLOOKUP($B53,ESTOQUE!$B$2:$D$97168,3,FALSE),"Produto não cadastrado")) -> BOTINA OP. BICO PVC Nº 40 | E53: =_xlfn.XLOOKUP(B53,ESTOQUE!B:B,ESTOQUE!G:G,"",0) -> PAR | F53: 2
A54: 45931 | B54: 40 | C54: CONSUMO | D54: =IF(ISBLANK($B54),"",IFERROR(VLOOKUP($B54,ESTOQUE!$B$2:$D$97168,3,FALSE),"Produto não cadastrado")) -> BOTINA OP. BICO PVC Nº 42 | E54: =_xlfn.XLOOKUP(B54,ESTOQUE!B:B,ESTOQUE!G:G,"",0) -> PAR | F54: 3
... A862: 45976 | B862: 161 | C862: CONSUMO | D862: =IF(ISBLANK($B862),"",IFERROR(VLOOKUP($B862,ESTOQUE!$B$2:$D$97168,3,FALSE),"Produto não cadastrado")) -> JUGULAR | E862: =_xlfn.XLOOKUP(B862,ESTOQUE!B:B,ESTOQUE!G:G,"",0) -> UND | F862: 1
A863: 45976 | B863: 148 | C863: CONSUMO | D863: =IF(ISBLANK($B863),"",IFERROR(VLOOKUP($B863,ESTOQUE!$B$2:$D$97168,3,FALSE),"Produto não cadastrado")) -> LUVA DE PU PRETA TAM 8 | E863: =_xlfn.XLOOKUP(B863,ESTOQUE!B:B,ESTOQUE!G:G,"",0) -> PAR
A864: 45976 | B864: 110 | C864: CONSUMO | D864: =IF(ISBLANK($B864),"",IFERROR(VLOOKUP($B864,ESTOQUE!$B$2:$D$97168,3,FALSE),"Produto não cadastrado")) -> LUVA DE RASPA CANO LONGO | E864: =_xlfn.XLOOKUP(B864,ESTOQUE!B:B,ESTOQUE!G:G,"",0) -> PAR | F864: 2
A865: 45976 | B865: 111 | C865: CONSUMO | D865: =IF(ISBLANK($B865),"",IFERROR(VLOOKUP($B865,ESTOQUE!$B$2:$D$97168,3,FALSE),"Produto não cadastrado")) -> LUVA DE VAQUETA MARROM | E865: =_xlfn.XLOOKUP(B865,ESTOQUE!B:B,ESTOQUE!G:G,"",0) -> PAR | F865: 4
A866: 45976 | B866: 114 | C866: CONSUMO | D866: =IF(ISBLANK($B866),"",IFERROR(VLOOKUP($B866,ESTOQUE!$B$2:$D$97168,3,FALSE),"Produto não cadastrado")) -> LUVA LATEX NITRILICA | E866: =_xlfn.XLOOKUP(B866,ESTOQUE!B:B,ESTOQUE!G:G,"",0) -> PAR | F866: 4
A867: 45976 | B867: 257 | C867: CONSUMO | D867: =IF(ISBLANK($B867),"",IFERROR(VLOOKUP($B867,ESTOQUE!$B$2:$D$97168,3,FALSE),"Produto não cadastrado")) -> LUVA MULTITATO | E867: =_xlfn.XLOOKUP(B867,ESTOQUE!B:B,ESTOQUE!G:G,"",0) -> UND | F867: 1
A868: 45976 | B868: 117 | C868: CONSUMO | D868: =IF(ISBLANK($B868),"",IFERROR(VLOOKUP($B868,ESTOQUE!$B$2:$D$97168,3,FALSE),"Produto não cadastrado")) -> LUVA PIGMENTADA | E868: =_xlfn.XLOOKUP(B868,ESTOQUE!B:B,ESTOQUE!G:G,"",0) -> PAR | F868: 1
A869: 45976 | B869: 118 | C869: CONSUMO | D869: =IF(ISBLANK($B869),"",IFERROR(VLOOKUP($B869,ESTOQUE!$B$2:$D$97168,3,FALSE),"Produto não cadastrado")) -> MACACÃO DE PROTEÇÃO TYVEK | E869: =_xlfn.XLOOKUP(B869,ESTOQUE!B:B,ESTOQUE!G:G,"",0) -> UND | F869: 2
A870: 45976 | B870: 114 | C870: CONSUMO | D870: =IF(ISBLANK($B870),"",IFERROR(VLOOKUP($B870,ESTOQUE!$B$2:$D$97168,3,FALSE),"Produto não cadastrado")) -> LUVA LATEX NITRILICA | E870: =_xlfn.XLOOKUP(B870,ESTOQUE!B:B,ESTOQUE!G:G,"",0) -> PAR | F870: 4
A871: 45976 | B871: 257 | C871: CONSUMO | D871: =IF(ISBLANK($B871),"",IFERROR(VLOOKUP($B871,ESTOQUE!$B$2:$D$97168,3,FALSE),"Produto não cadastrado")) -> LUVA MULTITATO | E871: =_xlfn.XLOOKUP(B871,ESTOQUE!B:B,ESTOQUE!G:G,"",0) -> UND | F871: 1
A872: 45976 | B872: 209 | C872: CONSUMO | D872: =IF(ISBLANK($B872),"",IFERROR(VLOOKUP($B872,ESTOQUE!$B$2:$D$97168,3,FALSE),"Produto não cadastrado")) -> LUVA PARA SOLDADOR MIG AZUL TAM 10 | E872: =_xlfn.XLOOKUP(B872,ESTOQUE!B:B,ESTOQUE!G:G,"",0) -> PAR | F872: 1
A873: 45976 | B873: 144 | C873: CONSUMO | D873: =IF(ISBLANK($B873),"",IFERROR(VLOOKUP($B873,ESTOQUE!$B$2:$D$97168,3,FALSE),"Produto não cadastrado")) -> MASCARA PFF2-S C/ FILTRO | E873: =_xlfn.XLOOKUP(B873,ESTOQUE!B:B,ESTOQUE!G:G,"",0) -> UND | F873: 50
A874: 45976 | B874: 126 | C874: CONSUMO | D874: =IF(ISBLANK($B874),"",IFERROR(VLOOKUP($B874,ESTOQUE!$B$2:$D$97168,3,FALSE),"Produto não cadastrado")) -> OCULOS DE PROTEÇÃO ESCURO | E874: =_xlfn.XLOOKUP(B874,ESTOQUE!B:B,ESTOQUE!G:G,"",0) -> UND | F874: 9
A875: 45976 | B875: 124 | C875: CONSUMO | D875: =IF(ISBLANK($B875),"",IFERROR(VLOOKUP($B875,ESTOQUE!$B$2:$D$97168,3,FALSE),"Produto não cadastrado")) -> OCULOS DE PROTEÇÃO INCOLOR | E875: =_xlfn.XLOOKUP(B875,ESTOQUE!B:B,ESTOQUE!G:G,"",0) -> UND | F875: 2
... A898: 45978 | B898: 139 | C898: CONSUMO | D898: =IF(ISBLANK($B898),"",IFERROR(VLOOKUP($B898,ESTOQUE!$B$2:$D$97168,3,FALSE),"Produto não cadastrado")) -> PROTETOR AURICULAR TIPO PLUG | E898: =_xlfn.XLOOKUP(B898,ESTOQUE!B:B,ESTOQUE!G:G,"",0) -> UND | F898: 1
A899: 45979 | B899: 1 | C899: CONSUMO | D899: =IF(ISBLANK($B899),"",IFERROR(VLOOKUP($B899,ESTOQUE!$B$2:$D$97168,3,FALSE),"Produto não cadastrado")) -> ABAFADOR DE RUIDOS TIPO CONCHA | E899: PAR | F899: 1
A900: 45979 | B900: 2 | C900: CONSUMO | D900: =IF(ISBLANK($B900),"",IFERROR(VLOOKUP($B900,ESTOQUE!$B$2:$D$97168,3,FALSE),"Produto não cadastrado")) -> AVENTAL DE RASPA TAM 1X60MT | E900: =_xlfn.XLOOKUP(B900,ESTOQUE!B:B,ESTOQUE!G:G,"",0) -> UND | F900: 4
A901: 45979 | B901: 228 | C901: CONSUMO | D901: =IF(ISBLANK($B901),"",IFERROR(VLOOKUP($B901,ESTOQUE!$B$2:$D$97168,3,FALSE),"Produto não cadastrado")) -> BALACLAVA | E901: =_xlfn.XLOOKUP(B901,ESTOQUE!B:B,ESTOQUE!G:G,"",0) -> UND | F901: 2
A902: 45979 | B902: 46 | C902: CONSUMO | D902: =IF(ISBLANK($B902),"",IFERROR(VLOOKUP($B902,ESTOQUE!$B$2:$D$97168,3,FALSE),"Produto não cadastrado")) -> CALÇA CINZA OP. C/ FAIXA REFLETIVA TAM: G | E902: =_xlfn.XLOOKUP(B902,ESTOQUE!B:B,ESTOQUE!G:G,"",0) -> UND | F902: 2
A903: 45979 | B903: 50 | C903: CONSUMO | D903: =IF(ISBLANK($B903),"",IFERROR(VLOOKUP($B903,ESTOQUE!$B$2:$D$97168,3,FALSE),"Produto não cadastrado")) -> CALÇA CINZA OP. C/ FAIXA REFLETIVA TAM: XG | E903: =_xlfn.XLOOKUP(B903,ESTOQUE!B:B,ESTOQUE!G:G,"",0) -> UND | F903: 1
A904: 45979 | B904: 210 | C904: CONSUMO | D904: =IF(ISBLANK($B904),"",IFERROR(VLOOKUP($B904,ESTOQUE!$B$2:$D$97168,3,FALSE),"Produto não cadastrado")) -> COLETE REFLETIVO LARANJA G | E904: =_xlfn.XLOOKUP(B904,ESTOQUE!B:B,ESTOQUE!G:G,"",0) -> UND | F904: 1
A905: 45979 | B905: 97 | C905: CONSUMO | D905: =IF(ISBLANK($B905),"",IFERROR(VLOOKUP($B905,ESTOQUE!$B$2:$D$97168,3,FALSE),"Produto não cadastrado")) -> COLETE REFLETIVO LARANJA M | E905: =_xlfn.XLOOKUP(B905,ESTOQUE!B:B,ESTOQUE!G:G,"",0) -> UND | F905: 1
A906: 45979 | B906: 67 | C906: CONSUMO | D906: =IF(ISBLANK($B906),"",IFERROR(VLOOKUP($B906,ESTOQUE!$B$2:$D$97168,3,FALSE),"Produto não cadastrado")) -> CAMISA LARANJA OP. C/ FAIXA REFLETIVA TAM: G | E906: =_xlfn.XLOOKUP(B906,ESTOQUE!B:B,ESTOQUE!G:G,"",0) -> UND | F906: 1
A907: 45979 | B907: 68 | C907: CONSUMO | D907: =IF(ISBLANK($B907),"",IFERROR(VLOOKUP($B907,ESTOQUE!$B$2:$D$97168,3,FALSE),"Produto não cadastrado")) -> CAMISA LARANJA OP. C/ FAIXA REFLETIVA TAM: GG | E907: =_xlfn.XLOOKUP(B907,ESTOQUE!B:B,ESTOQUE!G:G,"",0) -> UND | F907: 1
A908: 45979 | B908: 69 | C908: CONSUMO | D908: =IF(ISBLANK($B908),"",IFERROR(VLOOKUP($B908,ESTOQUE!$B$2:$D$97168,3,FALSE),"Produto não cadastrado")) -> CAMISA LARANJA OP. C/ FAIXA REFLETIVA TAM: M | E908: =_xlfn.XLOOKUP(B908,ESTOQUE!B:B,ESTOQUE!G:G,"",0) -> UND | F908: 1
A909: 45979 | B909: 72 | C909: CONSUMO | D909: =IF(ISBLANK($B909),"",IFERROR(VLOOKUP($B909,ESTOQUE!$B$2:$D$97168,3,FALSE),"Produto não cadastrado")) -> CAPA DE CHUVA G | E909: =_xlfn.XLOOKUP(B909,ESTOQUE!B:B,ESTOQUE!G:G,"",0) -> UND | F909: 4
A910: 45979 | B910: 129 | C910: CONSUMO | D910: =IF(ISBLANK($B910),"",IFERROR(VLOOKUP($B910,ESTOQUE!$B$2:$D$97168,3,FALSE),"Produto não cadastrado")) -> PERNEIRA DE RASPA | E910: =_xlfn.XLOOKUP(B910,ESTOQUE!B:B,ESTOQUE!G:G,"",0) -> PAR | F910: 4
A911: 45979 | B911: 130 | C911: CONSUMO | D911: =IF(ISBLANK($B911),"",IFERROR(VLOOKUP($B911,ESTOQUE!$B$2:$D$97168,3,FALSE),"Produto não cadastrado")) -> PROTETOR AUDITIVO TIPO CONCHA L-300 | E911: =_xlfn.XLOOKUP(B911,ESTOQUE!B:B,ESTOQUE!G:G,"",0) -> UND | F911: 5
... A919: 45979 | B919: 126 | C919: CONSUMO | D919: =IF(ISBLANK($B919),"",IFERROR(VLOOKUP($B919,ESTOQUE!$B$2:$D$97168,3,FALSE),"Produto não cadastrado")) -> OCULOS DE PROTEÇÃO ESCURO | E919: =_xlfn.XLOOKUP(B919,ESTOQUE!B:B,ESTOQUE!G:G,"",0) -> UND | F919: 13
A920: 45979 | B920: 224 | C920: CONSUMO | D920: =IF(ISBLANK($B920),"",IFERROR(VLOOKUP($B920,ESTOQUE!$B$2:$D$97168,3,FALSE),"Produto não cadastrado")) -> OCULOS OPERACIONAL SOBRE POR ESCURO | E920: PAR | F920: 2
A921: 45979 | B921: 172 | C921: CONSUMO | D921: =IF(ISBLANK($B921),"",IFERROR(VLOOKUP($B921,ESTOQUE!$B$2:$D$97168,3,FALSE),"Produto não cadastrado")) -> BOTA PVC CANO CURTO Nº 41 | E921: =_xlfn.XLOOKUP(B921,ESTOQUE!B:B,ESTOQUE!G:G,"",0) -> PAR | F921: 1
A922: 45979 | B922: 46 | C922: CONSUMO | D922: =IF(ISBLANK($B922),"",IFERROR(VLOOKUP($B922,ESTOQUE!$B$2:$D$97168,3,FALSE),"Produto não cadastrado")) -> CALÇA CINZA OP. C/ FAIXA REFLETIVA TAM: G | E922: =_xlfn.XLOOKUP(B922,ESTOQUE!B:B,ESTOQUE!G:G,"",0) -> UND | F922: 4
A923: 45979 | B923: 67 | C923: CONSUMO | D923: =IF(ISBLANK($B923),"",IFERROR(VLOOKUP($B923,ESTOQUE!$B$2:$D$97168,3,FALSE),"Produto não cadastrado")) -> CAMISA LARANJA OP. C/ FAIXA REFLETIVA TAM: G | E923: =_xlfn.XLOOKUP(B923,ESTOQUE!B:B,ESTOQUE!G:G,"",0) -> UND | F923: 1
A924: 45979 | B924: 69 | C924: CONSUMO | D924: =IF(ISBLANK($B924),"",IFERROR(VLOOKUP($B924,ESTOQUE!$B$2:$D$97168,3,FALSE),"Produto não cadastrado")) -> CAMISA LARANJA OP. C/ FAIXA REFLETIVA TAM: M | E924: =_xlfn.XLOOKUP(B924,ESTOQUE!B:B,ESTOQUE!G:G,"",0) -> UND | F924: 2
A925: 45979 | B925: 210 | C925: CONSUMO | D925: =IF(ISBLANK($B925),"",IFERROR(VLOOKUP($B925,ESTOQUE!$B$2:$D$97168,3,FALSE),"Produto não cadastrado")) -> COLETE REFLETIVO LARANJA G | E925: =_xlfn.XLOOKUP(B925,ESTOQUE!B:B,ESTOQUE!G:G,"",0) -> UND | F925: 1
A926: 45979 | B926: 97 | C926: CONSUMO | D926: =IF(ISBLANK($B926),"",IFERROR(VLOOKUP($B926,ESTOQUE!$B$2:$D$97168,3,FALSE),"Produto não cadastrado")) -> COLETE REFLETIVO LARANJA M | E926: =_xlfn.XLOOKUP(B926,ESTOQUE!B:B,ESTOQUE!G:G,"",0) -> UND | F926: 1
A927: 45979 | B927: 110 | C927: CONSUMO | D927: =IF(ISBLANK($B927),"",IFERROR(VLOOKUP($B927,ESTOQUE!$B$2:$D$97168,3,FALSE),"Produto não cadastrado")) -> LUVA DE RASPA CANO LONGO | E927: =_xlfn.XLOOKUP(B927,ESTOQUE!B:B,ESTOQUE!G:G,"",0) -> PAR | F927: 10
A928: 45979 | B928: 112 | C928: CONSUMO | D928: =IF(ISBLANK($B928),"",IFERROR(VLOOKUP($B928,ESTOQUE!$B$2:$D$97168,3,FALSE),"Produto não cadastrado")) -> LUVA DE RASPA CANO MEDIO | E928: =_xlfn.XLOOKUP(B928,ESTOQUE!B:B,ESTOQUE!G:G,"",0) -> PAR | F928: 1
A929: 45979 | B929: 111 | C929: CONSUMO | D929: =IF(ISBLANK($B929),"",IFERROR(VLOOKUP($B929,ESTOQUE!$B$2:$D$97168,3,FALSE),"Produto não cadastrado")) -> LUVA DE VAQUETA MARROM | E929: =_xlfn.XLOOKUP(B929,ESTOQUE!B:B,ESTOQUE!G:G,"",0) -> PAR | F929: 11
A930: 45979 | B930: 114 | C930: CONSUMO | D930: =IF(ISBLANK($B930),"",IFERROR(VLOOKUP($B930,ESTOQUE!$B$2:$D$97168,3,FALSE),"Produto não cadastrado")) -> LUVA LATEX NITRILICA | E930: =_xlfn.XLOOKUP(B930,ESTOQUE!B:B,ESTOQUE!G:G,"",0) -> PAR | F930: 10
A931: 45979 | B931: 118 | C931: CONSUMO | D931: =IF(ISBLANK($B931),"",IFERROR(VLOOKUP($B931,ESTOQUE!$B$2:$D$97168,3,FALSE),"Produto não cadastrado")) -> MACACÃO DE PROTEÇÃO TYVEK | E931: =_xlfn.XLOOKUP(B931,ESTOQUE!B:B,ESTOQUE!G:G,"",0) -> UND | F931: 26
A932: 45979 | B932: 144 | C932: CONSUMO | D932: =IF(ISBLANK($B932),"",IFERROR(VLOOKUP($B932,ESTOQUE!$B$2:$D$97168,3,FALSE),"Produto não cadastrado")) -> MASCARA PFF2-S C/ FILTRO | E932: =_xlfn.XLOOKUP(B932,ESTOQUE!B:B,ESTOQUE!G:G,"",0) -> UND | F932: 25
... A1033: 45987 | B1033: 117 | C1033: CONSUMO | D1033: =IF(ISBLANK($B1033),"",IFERROR(VLOOKUP($B1033,ESTOQUE!$B$2:$D$97168,3,FALSE),"Produto não cadastrado")) -> LUVA PIGMENTADA | E1033: =_xlfn.XLOOKUP(B1033,ESTOQUE!B:B,ESTOQUE!G:G,"",0) -> PAR | F1033: 8
A1034: 45987 | B1034: 207 | C1034: CONSUMO | D1034: =IF(ISBLANK($B1034),"",IFERROR(VLOOKUP($B1034,ESTOQUE!$B$2:$D$97168,3,FALSE),"Produto não cadastrado")) -> LUVA POLIESTER ANTICORTE BANHADA PU TAM 9 | E1034: PAR | F1034: 25
A1035: 45987 | B1035: 124 | C1035: CONSUMO | D1035: =IF(ISBLANK($B1035),"",IFERROR(VLOOKUP($B1035,ESTOQUE!$B$2:$D$97168,3,FALSE),"Produto não cadastrado")) -> OCULOS DE PROTEÇÃO INCOLOR | E1035: =_xlfn.XLOOKUP(B1035,ESTOQUE!B:B,ESTOQUE!G:G,"",0) -> UND | F1035: 9
A1036: 45987 | B1036: 129 | C1036: CONSUMO | D1036: =IF(ISBLANK($B1036),"",IFERROR(VLOOKUP($B1036,ESTOQUE!$B$2:$D$97168,3,FALSE),"Produto não cadastrado")) -> PERNEIRA DE RASPA | E1036: =_xlfn.XLOOKUP(B1036,ESTOQUE!B:B,ESTOQUE!G:G,"",0) -> PAR | F1036: 1
A1037: 45987 | B1037: 139 | C1037: CONSUMO | D1037: =IF(ISBLANK($B1037),"",IFERROR(VLOOKUP($B1037,ESTOQUE!$B$2:$D$97168,3,FALSE),"Produto não cadastrado")) -> PROTETOR AURICULAR TIPO PLUG | E1037: =_xlfn.XLOOKUP(B1037,ESTOQUE!B:B,ESTOQUE!G:G,"",0) -> UND | F1037: 1
A1038: 45987 | B1038: 135 | C1038: CONSUMO | D1038: =IF(ISBLANK($B1038),"",IFERROR(VLOOKUP($B1038,ESTOQUE!$B$2:$D$97168,3,FALSE),"Produto não cadastrado")) -> TALABARTE DUPLO TIPO Y | E1038: =_xlfn.XLOOKUP(B1038,ESTOQUE!B:B,ESTOQUE!G:G,"",0) -> UND | F1038: 1
A1039: 45987 | B1039: 10 | C1039: CONSUMO | D1039: =IF(ISBLANK($B1039),"",IFERROR(VLOOKUP($B1039,ESTOQUE!$B$2:$D$97168,3,FALSE),"Produto não cadastrado")) -> BOTA PVC CANO LONGO Nº 42 | E1039: =_xlfn.XLOOKUP(B1039,ESTOQUE!B:B,ESTOQUE!G:G,"",0) -> PAR | F1039: 2
A1040: 45987 | B1040: 46 | C1040: CONSUMO | D1040: =IF(ISBLANK($B1040),"",IFERROR(VLOOKUP($B1040,ESTOQUE!$B$2:$D$97168,3,FALSE),"Produto não cadastrado")) -> CALÇA CINZA OP. C/ FAIXA REFLETIVA TAM: G | E1040: =_xlfn.XLOOKUP(B1040,ESTOQUE!B:B,ESTOQUE!G:G,"",0) -> UND | F1040: 8
A1041: 45987 | B1041: 67 | C1041: CONSUMO | D1041: =IF(ISBLANK($B1041),"",IFERROR(VLOOKUP($B1041,ESTOQUE!$B$2:$D$97168,3,FALSE),"Produto não cadastrado")) -> CAMISA LARANJA OP. C/ FAIXA REFLETIVA TAM: G | E1041: =_xlfn.XLOOKUP(B1041,ESTOQUE!B:B,ESTOQUE!G:G,"",0) -> UND | F1041: 4
A1042: 45987 | B1042: 111 | C1042: CONSUMO | D1042: =IF(ISBLANK($B1042),"",IFERROR(VLOOKUP($B1042,ESTOQUE!$B$2:$D$97168,3,FALSE),"Produto não cadastrado")) -> LUVA DE VAQUETA MARROM | E1042: =_xlfn.XLOOKUP(B1042,ESTOQUE!B:B,ESTOQUE!G:G,"",0) -> PAR | F1042: 6
A1043: 45987 | B1043: 261 | C1043: CONSUMO | D1043: =IF(ISBLANK($B1043),"",IFERROR(VLOOKUP($B1043,ESTOQUE!$B$2:$D$97168,3,FALSE),"Produto não cadastrado")) -> LUVA DE VAQUETA VERDE | E1043: =_xlfn.XLOOKUP(B1043,ESTOQUE!B:B,ESTOQUE!G:G,"",0) -> PAR | F1043: 1
A1044: 45987 | B1044: 114 | C1044: CONSUMO | D1044: =IF(ISBLANK($B1044),"",IFERROR(VLOOKUP($B1044,ESTOQUE!$B$2:$D$97168,3,FALSE),"Produto não cadastrado")) -> LUVA LATEX NITRILICA | E1044: =_xlfn.XLOOKUP(B1044,ESTOQUE!B:B,ESTOQUE!G:G,"",0) -> PAR | F1044: 8
A1045: 45987 | B1045: 139 | C1045: CONSUMO | D1045: =IF(ISBLANK($B1045),"",IFERROR(VLOOKUP($B1045,ESTOQUE!$B$2:$D$97168,3,FALSE),"Produto não cadastrado")) -> PROTETOR AURICULAR TIPO PLUG | E1045: =_xlfn.XLOOKUP(B1045,ESTOQUE!B:B,ESTOQUE!G:G,"",0) -> UND | F1045: 1
A1046: 45987 | B1046: 126 | C1046: CONSUMO | D1046: =IF(ISBLANK($B1046),"",IFERROR(VLOOKUP($B1046,ESTOQUE!$B$2:$D$97168,3,FALSE),"Produto não cadastrado")) -> OCULOS DE PROTEÇÃO ESCURO | E1046: =_xlfn.XLOOKUP(B1046,ESTOQUE!B:B,ESTOQUE!G:G,"",0) -> UND | F1046: 34
... A1307: 46003 | B1307: 161 | C1307: CONSUMO | D1307: =IF(ISBLANK($B1307),"",IFERROR(VLOOKUP($B1307,ESTOQUE!$B$2:$D$97168,3,FALSE),"Produto não cadastrado")) -> JUGULAR | E1307: =_xlfn.XLOOKUP(B1307,ESTOQUE!B:B,ESTOQUE!G:G,"",0) -> UND | F1307: 1
A1308: 46003 | B1308: 110 | C1308: CONSUMO | D1308: =IF(ISBLANK($B1308),"",IFERROR(VLOOKUP($B1308,ESTOQUE!$B$2:$D$97168,3,FALSE),"Produto não cadastrado")) -> LUVA DE RASPA CANO LONGO | E1308: UND | F1308: 11
A1309: 46003 | B1309: 141 | C1309: CONSUMO | D1309: =IF(ISBLANK($B1309),"",IFERROR(VLOOKUP($B1309,ESTOQUE!$B$2:$D$97168,3,FALSE),"Produto não cadastrado")) -> LUVA DE VAQUETA | E1309: =_xlfn.XLOOKUP(B1309,ESTOQUE!B:B,ESTOQUE!G:G,"",0) -> PAR | F1309: 2
...

Sheet CUSTO_TOTAL
B1: CUSTO TOTAL DE EPI - OBRA ATIAIA / PCH - UHE - CAÇU/GO
B3: TOTAL GERAL DE ENTRADAS | C3: =SUBTOTAL(9,ESTOQUE!T2:T247) -> 38325.513
B4: TOTAL GERAL DE SAIDA | C4: =SUBTOTAL(9,ESTOQUE!U2:U247) -> 105891.12
